ID,Direction1,Direction2,Peer1,Peer2,Capacity,Latency,IsClosed
0,0,1,0,628,16000000000,5,0
1,2,3,0,68,80000000,4,0
2,4,5,0,722,120000,7,0
3,6,7,0,55,18000000000,5,0
4,8,9,0,190,10000000000,3,0
5,10,11,1,714,8000000000,3,0
6,12,13,1,791,60000000,8,0
7,14,15,1,823,1400000,4,0
8,16,17,1,22,200000,4,0
9,18,19,1,776,400000000,5,0
10,20,21,2,12,160000000,4,0
11,22,23,2,745,140000000000,3,0
12,24,25,2,3,6000000,9,0
13,26,27,2,120,200000,2,0
14,28,29,2,672,200000,6,0
15,30,31,3,690,160000,7,0
16,32,33,3,203,10000000,6,0
17,34,35,3,117,1400000000,5,0
18,36,37,3,777,120000000000,6,0
19,38,39,4,238,140000000000,1,0
20,40,41,4,756,20000000000,7,0
21,42,43,4,345,2000000,8,0
22,44,45,4,373,160000,2,0
23,46,47,4,620,2000000,6,0
24,48,49,5,804,1800000000,2,0
25,50,51,5,430,180000000,1,0
26,52,53,5,422,160000,9,0
27,54,55,5,59,200000000,3,0
28,56,57,5,415,1200000,2,0
29,58,59,6,760,2000000000,2,0
30,60,61,6,339,140000000,7,0
31,62,63,6,905,160000000000,1,1
32,64,65,6,138,800000,8,0
33,66,67,6,559,800000,1,0
34,68,69,7,633,10000000000,1,0
35,70,71,7,831,800000000,1,0
36,72,73,7,724,20000000,1,0
37,74,75,7,41,20000000000,8,0
38,76,77,7,142,40000000000,8,1
39,78,79,8,933,800000000,2,0
40,80,81,8,586,4000000,6,0
41,82,83,8,566,400000,8,0
42,84,85,8,772,180000000000,4,0
43,86,87,8,200,1600000,8,0
44,88,89,9,230,140000,4,0
45,90,91,9,559,80000,7,0
46,92,93,9,54,20000000,6,0
47,94,95,9,716,800000,1,0
48,96,97,9,603,160000000000,9,0
49,98,99,10,670,40000000000,3,0
50,100,101,10,282,1600000,3,0
51,102,103,10,804,120000000,3,0
52,104,105,10,935,80000000,7,0
53,106,107,10,246,20000,1,0
54,108,109,11,593,14000000,6,0
55,110,111,11,606,1200000000,6,0
56,112,113,11,798,120000,8,0
57,114,115,11,630,1600000,8,0
58,116,117,11,102,6000000,2,0
59,118,119,12,906,600000000,6,0
60,120,121,12,424,1800000000,9,0
61,122,123,12,282,14000000,1,0
62,124,125,12,886,2000000,2,0
63,126,127,13,442,18000000,4,0
64,128,129,13,814,10000000,1,0
65,130,131,13,345,1000000,7,0
66,132,133,13,783,8000000000,4,0
67,134,135,13,485,200000,9,0
68,136,137,14,909,18000000000,3,0
69,138,139,14,554,140000,5,0
70,140,141,14,763,18000000,9,0
71,142,143,14,56,160000,9,0
72,144,145,14,784,800000,7,0
73,146,147,15,916,40000000,1,0
74,148,149,15,237,200000,1,0
75,150,151,15,889,16000000000,6,0
76,152,153,15,491,1800000000,9,0
77,154,155,15,914,160000000000,6,0
78,156,157,16,285,60000000,2,0
79,158,159,16,480,1200000,9,0
80,160,161,16,878,800000,4,0
81,162,163,16,431,2000000000,1,0
82,164,165,16,20,1000000,9,0
83,166,167,17,304,1800000,1,0
84,168,169,17,437,800000,6,0
85,170,171,17,159,10000000000,9,0
86,172,173,17,27,1600000000,2,0
87,174,175,17,100,200000,5,0
88,176,177,18,158,2000000,4,0
89,178,179,18,860,60000000,9,0
90,180,181,18,50,100000000000,2,0
91,182,183,18,354,1600000000,1,0
92,184,185,19,584,1600000000,3,0
93,186,187,19,880,60000,9,0
94,188,189,19,209,16000000000,4,0
95,190,191,19,361,180000000000,9,0
96,192,193,19,735,20000000,7,0
97,194,195,20,94,120000000,1,0
98,196,197,20,572,80000000,3,0
99,198,199,20,629,160000000,8,1
100,200,201,20,78,120000000,1,0
101,202,203,21,518,400000000,9,0
102,204,205,21,632,200000,1,0
103,206,207,21,209,1600000000,2,0
104,208,209,21,916,16000000000,4,0
105,210,211,21,176,18000000000,4,0
106,212,213,22,303,200000000,4,0
107,214,215,22,542,200000000000,7,0
108,216,217,22,376,4000000000,6,0
109,218,219,22,687,140000000,7,0
110,220,221,23,782,10000000,9,0
111,222,223,23,508,2000000,7,0
112,224,225,23,811,160000000000,3,0
113,226,227,23,516,600000000,4,0
114,228,229,23,321,120000,1,0
115,230,231,24,88,1400000,6,0
116,232,233,24,578,120000,1,0
117,234,235,24,120,1400000000,4,0
118,236,237,24,480,2000000,5,0
119,238,239,24,436,40000,7,0
120,240,241,25,87,80000,9,0
121,242,243,25,368,1000000,6,0
122,244,245,25,476,100000000000,9,0
123,246,247,25,290,100000000,2,0
124,248,249,25,85,20000000000,7,0
125,250,251,26,597,1600000000,1,0
126,252,253,26,188,6000000,2,0
127,254,255,26,832,80000,7,0
128,256,257,26,463,4000000000,6,0
129,258,259,26,632,18000000000,7,0
130,260,261,27,539,200000,1,0
131,262,263,27,69,120000,6,0
132,264,265,27,963,14000000,1,0
133,266,267,27,518,1800000000,8,0
134,268,269,28,978,20000000,6,0
135,270,271,28,437,2000000000,6,0
136,272,273,28,222,600000,2,0
137,274,275,28,660,200000000,5,0
138,276,277,29,418,100000000,2,0
139,278,279,29,214,20000000,5,0
140,280,281,29,324,1200000,8,0
141,282,283,29,542,20000000000,3,0
142,284,285,29,140,80000,2,0
143,286,287,30,579,160000,1,0
144,288,289,30,103,180000,3,0
145,290,291,30,610,80000000,2,0
146,292,293,30,324,4000000000,3,0
147,294,295,31,215,160000,6,0
148,296,297,31,782,1600000000,4,0
149,298,299,31,103,1800000,2,0
150,300,301,31,192,200000000000,8,0
151,302,303,31,150,12000000,5,0
152,304,305,32,157,200000,7,0
153,306,307,32,489,160000,2,0
154,308,309,32,407,200000,9,0
155,310,311,32,649,10000000000,9,0
156,312,313,32,56,40000,8,0
157,314,315,33,486,120000000,2,0
158,316,317,33,132,16000000,4,1
159,318,319,33,243,60000000000,4,0
160,320,321,33,332,100000000000,4,0
161,322,323,33,770,4000000,6,0
162,324,325,34,318,400000000,8,0
163,326,327,34,210,1800000000,3,0
164,328,329,34,312,2000000,3,0
165,330,331,34,264,6000000,3,0
166,332,333,34,219,40000000000,1,0
167,334,335,35,965,1400000,1,0
168,336,337,35,163,60000000000,1,0
169,338,339,35,798,200000,6,0
170,340,341,35,728,2000000,1,0
171,342,343,35,908,120000000,5,0
172,344,345,36,337,8000000,1,0
173,346,347,36,325,600000000,7,0
174,348,349,36,762,600000000,3,0
175,350,351,36,72,400000,7,0
176,352,353,36,937,160000,6,0
177,354,355,37,598,4000000,6,0
178,356,357,37,210,600000,9,0
179,358,359,37,419,6000000000,9,0
180,360,361,37,493,2000000,4,0
181,362,363,37,714,1800000000,6,0
182,364,365,38,683,600000000,8,0
183,366,367,38,735,20000000,8,0
184,368,369,38,515,1400000000,2,0
185,370,371,38,653,40000000000,7,0
186,372,373,38,94,6000000,3,0
187,374,375,39,430,2000000000,4,0
188,376,377,39,586,20000000000,5,0
189,378,379,39,124,40000000000,5,0
190,380,381,39,267,120000,2,0
191,382,383,39,890,80000000000,5,0
192,384,385,40,713,16000000000,9,0
193,386,387,40,472,1400000,4,0
194,388,389,40,892,100000000,7,0
195,390,391,40,921,180000,4,0
196,392,393,40,922,400000,7,0
197,394,395,41,380,200000,5,0
198,396,397,41,154,120000,4,0
199,398,399,41,222,8000000,8,0
200,400,401,41,500,2000000,2,0
201,402,403,42,537,800000,1,0
202,404,405,42,74,10000000,9,0
203,406,407,42,998,1600000000,7,0
204,408,409,42,475,20000000,5,0
205,410,411,42,317,80000,9,0
206,412,413,43,158,120000000000,4,0
207,414,415,43,879,400000000,5,0
208,416,417,43,676,6000000000,9,0
209,418,419,43,937,20000000,1,0
210,420,421,44,138,100000000,2,0
211,422,423,44,351,200000,7,0
212,424,425,44,893,140000,5,0
213,426,427,44,386,600000000,2,0
214,428,429,44,433,12000000,5,0
215,430,431,45,741,8000000,7,0
216,432,433,45,311,800000000,3,0
217,434,435,45,784,120000000000,2,0
218,436,437,45,540,80000000,2,0
219,438,439,46,857,20000,1,0
220,440,441,46,701,80000,6,0
221,442,443,46,512,20000000,5,0
222,444,445,46,292,120000000000,1,0
223,446,447,46,711,8000000000,3,0
224,448,449,47,124,160000000000,9,0
225,450,451,47,516,140000000000,7,0
226,452,453,47,351,1200000,3,0
227,454,455,47,596,200000,5,0
228,456,457,47,873,1200000000,1,0
229,458,459,48,102,160000000,7,0
230,460,461,48,687,1000000,5,0
231,462,463,48,235,40000,4,0
232,464,465,48,448,4000000000,8,1
233,466,467,48,738,180000000,7,0
234,468,469,49,18,20000,4,0
235,470,471,49,335,40000000,1,0
236,472,473,49,316,40000000000,1,0
237,474,475,49,751,180000000,1,0
238,476,477,49,87,800000,6,0
239,478,479,50,649,140000000000,8,0
240,480,481,50,105,160000000000,9,0
241,482,483,50,816,2000000,6,0
242,484,485,50,942,60000,6,0
243,486,487,51,924,4000000000,9,0
244,488,489,51,906,1600000,3,0
245,490,491,51,716,60000,5,0
246,492,493,51,938,18000000000,8,0
247,494,495,51,542,200000,4,0
248,496,497,52,498,1000000000,3,0
249,498,499,52,43,10000000,2,0
250,500,501,52,176,800000000,8,0
251,502,503,52,494,200000000,5,0
252,504,505,52,603,200000,1,0
253,506,507,53,120,1000000000,1,0
254,508,509,53,437,1400000,2,0
255,510,511,53,800,120000,6,0
256,512,513,53,502,40000000,2,0
257,514,515,53,857,80000,3,0
258,516,517,54,828,200000000,7,0
259,518,519,54,331,200000000,6,0
260,520,521,54,787,100000000000,5,0
261,522,523,54,361,14000000,3,0
262,524,525,55,486,4000000000,6,0
263,526,527,55,605,4000000000,4,0
264,528,529,55,634,160000000000,5,0
265,530,531,55,995,100000000000,3,0
266,532,533,56,979,20000000000,4,0
267,534,535,56,229,8000000000,1,0
268,536,537,56,802,100000,6,0
269,538,539,57,419,1800000000,2,0
270,540,541,57,284,18000000000,6,0
271,542,543,57,161,1400000,4,0
272,544,545,57,804,6000000000,2,0
273,546,547,57,296,1800000,5,0
274,548,549,58,118,160000000000,4,0
275,550,551,58,406,200000000000,9,0
276,552,553,58,186,8000000000,3,0
277,554,555,58,456,1000000000,9,0
278,556,557,59,675,1400000000,8,0
279,558,559,59,497,400000,5,0
280,560,561,59,968,140000000000,7,0
281,562,563,59,339,2000000000,3,0
282,564,565,60,332,1800000,9,0
283,566,567,60,582,160000,6,0
284,568,569,60,148,180000,6,0
285,570,571,60,907,1000000,6,0
286,572,573,60,594,400000,6,0
287,574,575,61,77,40000000,7,0
288,576,577,61,807,1600000,7,0
289,578,579,61,602,600000000,2,0
290,580,581,61,471,6000000,4,0
291,582,583,62,345,10000000,9,0
292,584,585,62,344,120000,7,0
293,586,587,62,628,60000000,9,0
294,588,589,62,764,2000000000,3,0
295,590,591,62,722,600000000,3,0
296,592,593,63,292,140000000,4,0
297,594,595,63,628,6000000,8,0
298,596,597,63,747,140000,4,0
299,598,599,63,709,14000000,4,0
300,600,601,63,966,12000000000,2,0
301,602,603,64,768,12000000,1,0
302,604,605,64,101,800000000,5,0
303,606,607,64,755,180000000,9,0
304,608,609,64,754,1200000,5,0
305,610,611,64,844,800000000,8,0
306,612,613,65,106,200000,6,0
307,614,615,65,460,100000,9,0
308,616,617,65,662,1400000000,1,0
309,618,619,65,138,120000000000,8,0
310,620,621,65,309,140000000000,7,1
311,622,623,66,705,40000000000,9,0
312,624,625,66,82,18000000,5,0
313,626,627,66,708,200000000,3,0
314,628,629,66,973,10000000,8,0
315,630,631,66,808,18000000,3,0
316,632,633,67,135,180000,9,0
317,634,635,67,857,1000000000,2,0
318,636,637,67,943,140000000,2,0
319,638,639,67,933,12000000,5,0
320,640,641,67,162,400000,8,0
321,642,643,68,586,200000000,3,0
322,644,645,68,623,80000000,3,0
323,646,647,68,796,16000000000,5,0
324,648,649,68,348,200000000,3,0
325,650,651,69,375,600000000,1,0
326,652,653,69,737,40000,6,0
327,654,655,69,404,4000000000,8,0
328,656,657,69,154,1000000000,9,0
329,658,659,70,221,600000,6,0
330,660,661,70,675,18000000,4,0
331,662,663,70,278,140000000000,4,0
332,664,665,70,923,80000,8,0
333,666,667,70,403,14000000000,5,0
334,668,669,71,624,14000000000,8,0
335,670,671,71,852,4000000,9,0
336,672,673,71,697,1200000,5,0
337,674,675,71,415,160000000000,5,0
338,676,677,71,624,2000000000,2,0
339,678,679,72,744,120000000,5,0
340,680,681,72,202,2000000000,6,0
341,682,683,72,913,200000000000,8,0
342,684,685,72,484,2000000000,9,0
343,686,687,73,690,2000000000,1,0
344,688,689,73,197,4000000,8,0
345,690,691,73,116,100000,4,0
346,692,693,73,821,12000000,4,0
347,694,695,74,102,60000,1,0
348,696,697,74,490,20000000,8,0
349,698,699,74,675,1000000,4,0
350,700,701,74,766,12000000000,4,0
351,702,703,75,540,80000000,8,0
352,704,705,75,101,200000,8,0
353,706,707,75,944,8000000000,2,0
354,708,709,75,98,200000000000,9,0
355,710,711,75,107,200000000000,4,0
356,712,713,76,501,1200000,7,0
357,714,715,76,120,400000000,8,0
358,716,717,76,752,20000000000,9,0
359,718,719,76,105,14000000,6,0
360,720,721,76,298,40000,5,0
361,722,723,77,865,8000000000,3,0
362,724,725,77,224,160000000000,9,0
363,726,727,77,139,800000000,6,0
364,728,729,77,679,800000,4,0
365,730,731,78,615,140000,3,0
366,732,733,78,938,200000,5,0
367,734,735,78,445,120000000,2,0
368,736,737,78,279,1400000000,7,0
369,738,739,79,87,1600000000,6,0
370,740,741,79,794,400000,3,0
371,742,743,79,839,4000000,6,0
372,744,745,79,632,140000,4,0
373,746,747,80,593,1600000,9,0
374,748,749,80,311,600000,4,0
375,750,751,80,224,1800000,6,0
376,752,753,80,906,100000,1,0
377,754,755,80,502,140000000,9,0
378,756,757,81,595,80000000000,2,0
379,758,759,81,726,60000000,6,0
380,760,761,81,291,1000000000,9,0
381,762,763,81,677,1800000000,3,0
382,764,765,81,321,200000,9,1
383,766,767,82,550,8000000000,6,0
384,768,769,82,792,160000000,9,0
385,770,771,82,618,160000000000,9,0
386,772,773,82,930,2000000,9,0
387,774,775,83,272,1400000000,2,0
388,776,777,83,556,12000000,1,0
389,778,779,83,133,1600000000,7,0
390,780,781,83,336,1200000000,8,0
391,782,783,84,852,600000,2,0
392,784,785,84,822,40000,5,0
393,786,787,84,330,160000000000,3,0
394,788,789,84,973,120000000000,4,0
395,790,791,85,607,1000000000,8,0
396,792,793,85,406,1000000000,1,0
397,794,795,85,416,160000,4,0
398,796,797,85,508,120000,8,0
399,798,799,86,336,8000000000,9,0
400,800,801,86,351,14000000000,3,0
401,802,803,86,103,12000000,3,0
402,804,805,86,211,160000,7,0
403,806,807,87,442,2000000000,4,0
404,808,809,87,682,4000000,8,0
405,810,811,88,659,80000,1,0
406,812,813,88,965,80000000,1,0
407,814,815,88,670,1400000000,5,0
408,816,817,88,264,14000000000,4,0
409,818,819,89,473,4000000000,7,0
410,820,821,89,197,40000,6,0
411,822,823,89,95,180000000000,2,0
412,824,825,89,131,2000000,7,0
413,826,827,90,656,100000000000,8,0
414,828,829,90,924,2000000000,4,0
415,830,831,90,719,60000000,1,0
416,832,833,90,741,800000,3,0
417,834,835,90,829,18000000,9,0
418,836,837,91,489,400000,3,0
419,838,839,91,611,100000000,9,0
420,840,841,91,527,2000000,7,0
421,842,843,91,488,140000000,8,0
422,844,845,91,109,40000,7,0
423,846,847,92,452,100000,4,0
424,848,849,92,893,20000000,3,0
425,850,851,92,448,1000000,8,1
426,852,853,92,515,120000,1,0
427,854,855,93,390,18000000,4,0
428,856,857,93,447,100000000000,2,0
429,858,859,93,328,180000,7,0
430,860,861,93,929,10000000000,4,0
431,862,863,93,232,180000000,6,0
432,864,865,94,547,1800000000,8,0
433,866,867,94,265,18000000,2,0
434,868,869,94,402,200000000000,1,0
435,870,871,95,278,140000000,7,0
436,872,873,95,851,120000000000,9,0
437,874,875,95,999,1000000,6,0
438,876,877,95,969,80000000,5,0
439,878,879,96,562,16000000000,1,0
440,880,881,96,499,18000000,8,0
441,882,883,96,666,120000,5,0
442,884,885,96,817,4000000000,2,1
443,886,887,96,878,100000000000,5,0
444,888,889,97,685,10000000,3,0
445,890,891,97,241,1200000,6,0
446,892,893,97,580,160000000000,4,0
447,894,895,97,299,40000000000,8,1
448,896,897,98,992,6000000000,2,0
449,898,899,98,241,14000000000,5,0
450,900,901,98,870,400000000,2,0
451,902,903,98,995,160000000,2,0
452,904,905,99,734,80000,5,0
453,906,907,99,259,20000000,7,0
454,908,909,99,579,2000000000,2,0
455,910,911,99,601,2000000000,6,0
456,912,913,99,755,1400000,7,0
457,914,915,100,500,200000000,6,0
458,916,917,100,124,60000000000,1,0
459,918,919,100,978,120000,1,0
460,920,921,100,259,20000000000,2,0
461,922,923,101,541,16000000000,7,0
462,924,925,101,407,2000000000,5,0
463,926,927,101,574,140000000000,4,0
464,928,929,102,281,120000000000,4,0
465,930,931,102,877,400000000,4,0
466,932,933,103,372,16000000,9,0
467,934,935,103,608,400000,8,0
468,936,937,104,301,1800000000,3,0
469,938,939,104,907,200000000000,8,0
470,940,941,104,301,2000000000,9,0
471,942,943,104,684,120000000,6,0
472,944,945,104,516,80000000000,7,0
473,946,947,105,699,1200000,3,0
474,948,949,105,746,1200000000,5,0
475,950,951,105,236,2000000,9,0
476,952,953,106,159,40000000,1,0
477,954,955,106,643,140000,4,0
478,956,957,106,863,4000000000,8,0
479,958,959,106,866,200000000000,2,0
480,960,961,107,191,80000000000,5,0
481,962,963,107,920,200000,1,0
482,964,965,107,58,20000000,7,0
483,966,967,107,796,140000000000,1,0
484,968,969,108,332,60000,4,0
485,970,971,108,967,120000000,4,0
486,972,973,108,130,800000,7,0
487,974,975,108,123,2000000000,1,0
488,976,977,108,220,2000000000,8,0
489,978,979,109,816,160000000000,9,0
490,980,981,109,320,80000,4,0
491,982,983,109,426,14000000,5,0
492,984,985,109,245,2000000,3,0
493,986,987,110,714,120000000000,8,0
494,988,989,110,659,200000,5,0
495,990,991,110,285,160000000000,2,0
496,992,993,110,782,100000000,9,0
497,994,995,111,406,160000,4,0
498,996,997,111,854,10000000000,7,0
499,998,999,111,935,1600000000,9,0
500,1000,1001,111,557,200000000000,9,0
501,1002,1003,111,956,400000,3,0
502,1004,1005,112,801,120000000000,8,0
503,1006,1007,112,726,40000,4,0
504,1008,1009,112,335,120000000000,3,0
505,1010,1011,112,974,120000000000,6,0
506,1012,1013,112,727,1000000000,9,0
507,1014,1015,113,155,60000,3,0
508,1016,1017,113,338,100000000000,5,0
509,1018,1019,113,849,6000000,9,0
510,1020,1021,113,630,1200000,4,0
511,1022,1023,113,476,1400000,2,0
512,1024,1025,114,317,800000,4,1
513,1026,1027,114,807,12000000,3,1
514,1028,1029,114,886,180000000,7,1
515,1030,1031,114,868,1400000000,4,1
516,1032,1033,114,713,60000000000,2,1
517,1034,1035,115,493,200000000000,7,0
518,1036,1037,115,690,14000000,9,0
519,1038,1039,115,396,4000000000,8,0
520,1040,1041,115,489,1000000000,4,0
521,1042,1043,116,320,800000,1,0
522,1044,1045,116,519,18000000,5,0
523,1046,1047,116,342,16000000,8,0
524,1048,1049,116,581,80000,6,0
525,1050,1051,117,587,2000000000,1,0
526,1052,1053,117,659,18000000,9,0
527,1054,1055,117,272,40000000000,7,0
528,1056,1057,117,642,2000000,2,0
529,1058,1059,118,790,20000000000,3,0
530,1060,1061,118,881,200000000,8,0
531,1062,1063,118,780,140000000000,9,0
532,1064,1065,118,766,800000000,9,0
533,1066,1067,119,605,1200000000,2,0
534,1068,1069,119,876,200000000,8,0
535,1070,1071,119,145,8000000,4,1
536,1072,1073,119,950,1200000,8,0
537,1074,1075,119,783,1400000,1,0
538,1076,1077,120,297,1600000,3,0
539,1078,1079,121,476,6000000,5,0
540,1080,1081,121,768,800000000,3,0
541,1082,1083,121,325,100000000,5,0
542,1084,1085,122,764,20000000000,1,0
543,1086,1087,122,480,18000000000,4,0
544,1088,1089,122,571,4000000000,4,0
545,1090,1091,122,853,10000000,8,0
546,1092,1093,123,486,16000000000,7,0
547,1094,1095,123,896,1200000,2,0
548,1096,1097,123,296,40000000000,9,0
549,1098,1099,123,214,1400000000,3,0
550,1100,1101,124,193,4000000000,1,0
551,1102,1103,124,758,80000000000,8,0
552,1104,1105,125,892,80000,2,0
553,1106,1107,125,468,1000000000,1,0
554,1108,1109,125,214,200000000000,4,0
555,1110,1111,126,307,1600000000,7,0
556,1112,1113,126,981,1800000000,7,0
557,1114,1115,126,179,80000000,8,0
558,1116,1117,126,154,16000000000,8,0
559,1118,1119,126,586,60000000,6,0
560,1120,1121,127,816,8000000000,8,0
561,1122,1123,127,935,80000000000,1,0
562,1124,1125,127,424,40000000000,2,0
563,1126,1127,127,86,600000,8,0
564,1128,1129,127,140,800000000,7,0
565,1130,1131,128,870,2000000,4,0
566,1132,1133,128,641,8000000,5,0
567,1134,1135,128,574,12000000000,5,0
568,1136,1137,128,687,1400000,5,0
569,1138,1139,128,718,6000000,1,1
570,1140,1141,129,365,800000000,2,0
571,1142,1143,129,969,140000,8,0
572,1144,1145,129,940,16000000,2,0
573,1146,1147,129,510,1800000,8,0
574,1148,1149,129,932,180000000000,7,0
575,1150,1151,130,477,140000000000,5,0
576,1152,1153,130,489,1600000,9,0
577,1154,1155,130,245,14000000000,1,0
578,1156,1157,130,471,18000000000,7,0
579,1158,1159,131,986,1200000000,6,0
580,1160,1161,131,859,1400000000,7,0
581,1162,1163,131,173,180000,4,0
582,1164,1165,131,436,180000000000,4,0
583,1166,1167,132,145,180000,8,1
584,1168,1169,132,665,2000000,9,1
585,1170,1171,132,30,60000,9,1
586,1172,1173,132,818,1200000,1,1
587,1174,1175,133,532,1600000,5,0
588,1176,1177,133,996,1000000000,6,0
589,1178,1179,133,181,180000000,6,0
590,1180,1181,133,857,20000000,1,0
591,1182,1183,134,973,200000000,5,0
592,1184,1185,134,305,200000,3,0
593,1186,1187,134,724,80000000,4,0
594,1188,1189,134,608,18000000000,4,0
595,1190,1191,135,462,10000000,3,0
596,1192,1193,135,156,40000,3,0
597,1194,1195,135,537,200000,3,0
598,1196,1197,135,883,60000,6,0
599,1198,1199,136,402,6000000,8,0
600,1200,1201,136,844,40000000,5,0
601,1202,1203,136,594,2000000000,3,0
602,1204,1205,136,965,1400000000,9,0
603,1206,1207,136,390,80000000000,2,0
604,1208,1209,137,863,2000000000,7,0
605,1210,1211,137,711,80000000000,5,0
606,1212,1213,137,540,40000000000,4,0
607,1214,1215,137,603,120000,6,0
608,1216,1217,138,642,1000000000,7,0
609,1218,1219,138,140,600000000,7,0
610,1220,1221,139,125,200000000,9,0
611,1222,1223,139,455,160000000000,1,0
612,1224,1225,139,338,1200000000,2,0
613,1226,1227,139,233,1000000000,7,0
614,1228,1229,140,960,400000,1,0
615,1230,1231,140,994,20000000,7,0
616,1232,1233,141,200,80000,7,0
617,1234,1235,141,232,1400000,3,0
618,1236,1237,141,414,8000000000,4,0
619,1238,1239,141,914,16000000,4,0
620,1240,1241,141,326,200000000000,8,0
621,1242,1243,142,847,160000000000,5,0
622,1244,1245,142,383,2000000000,9,0
623,1246,1247,142,227,160000,6,0
624,1248,1249,142,457,60000,5,0
625,1250,1251,143,509,10000000,7,0
626,1252,1253,143,872,40000000,6,0
627,1254,1255,143,511,120000000,4,0
628,1256,1257,143,791,600000,4,0
629,1258,1259,144,310,200000000,8,0
630,1260,1261,144,608,100000000,8,0
631,1262,1263,144,856,200000,1,0
632,1264,1265,144,527,2000000,3,0
633,1266,1267,145,177,800000,5,0
634,1268,1269,145,756,200000,8,0
635,1270,1271,145,268,1400000000,6,0
636,1272,1273,146,847,60000000,4,0
637,1274,1275,146,930,160000000000,8,0
638,1276,1277,146,204,200000,8,0
639,1278,1279,146,381,8000000,3,0
640,1280,1281,146,831,1400000,1,0
641,1282,1283,147,759,6000000000,6,0
642,1284,1285,147,247,1400000000,2,0
643,1286,1287,147,281,14000000000,8,0
644,1288,1289,147,776,400000000,6,0
645,1290,1291,148,972,1200000000,1,0
646,1292,1293,148,656,6000000000,7,0
647,1294,1295,148,277,1600000000,3,0
648,1296,1297,148,843,1600000000,7,0
649,1298,1299,149,549,4000000,6,0
650,1300,1301,149,615,140000,7,0
651,1302,1303,149,225,180000000,3,0
652,1304,1305,149,561,16000000,1,0
653,1306,1307,150,880,14000000000,9,0
654,1308,1309,150,994,80000000000,3,0
655,1310,1311,150,812,18000000000,2,0
656,1312,1313,150,840,40000000,7,0
657,1314,1315,151,490,160000000000,5,0
658,1316,1317,151,814,1200000,9,0
659,1318,1319,151,237,100000,6,0
660,1320,1321,151,479,140000,6,0
661,1322,1323,151,337,180000,8,0
662,1324,1325,152,134,40000000,6,0
663,1326,1327,152,265,2000000,7,0
664,1328,1329,152,911,200000,8,0
665,1330,1331,152,604,8000000,4,0
666,1332,1333,153,622,6000000000,9,0
667,1334,1335,153,230,1400000,8,0
668,1336,1337,153,269,20000000,5,0
669,1338,1339,153,188,120000000,8,0
670,1340,1341,153,865,1000000000,4,0
671,1342,1343,154,392,60000000,8,0
672,1344,1345,154,275,1000000,3,0
673,1346,1347,155,803,800000000,6,0
674,1348,1349,155,542,400000000,9,0
675,1350,1351,155,326,1000000,8,0
676,1352,1353,155,728,100000000,2,0
677,1354,1355,156,435,1200000000,5,0
678,1356,1357,156,449,200000000,8,0
679,1358,1359,156,263,1800000,6,0
680,1360,1361,156,645,200000,1,0
681,1362,1363,157,435,800000,2,0
682,1364,1365,157,342,1400000000,9,0
683,1366,1367,157,825,18000000,3,0
684,1368,1369,157,137,1800000000,5,0
685,1370,1371,158,401,40000000000,2,0
686,1372,1373,158,991,600000,8,0
687,1374,1375,158,919,600000000,5,0
688,1376,1377,159,828,10000000,7,0
689,1378,1379,159,292,180000000000,2,0
690,1380,1381,159,350,1400000000,6,0
691,1382,1383,160,743,2000000000,1,1
692,1384,1385,160,365,1600000000,1,0
693,1386,1387,160,209,1400000,8,0
694,1388,1389,160,339,600000000,9,0
695,1390,1391,160,658,6000000,9,0
696,1392,1393,161,748,120000,8,0
697,1394,1395,161,837,6000000000,5,0
698,1396,1397,161,703,1200000,6,0
699,1398,1399,162,247,4000000,6,0
700,1400,1401,162,554,10000000000,8,0
701,1402,1403,162,73,1000000000,8,0
702,1404,1405,162,861,12000000,3,0
703,1406,1407,163,696,1400000,6,0
704,1408,1409,163,791,10000000,2,0
705,1410,1411,163,288,60000000000,1,0
706,1412,1413,163,815,10000000000,3,0
707,1414,1415,164,409,200000000000,5,1
708,1416,1417,164,922,200000000000,7,0
709,1418,1419,164,885,80000000,2,0
710,1420,1421,164,826,18000000000,5,0
711,1422,1423,165,834,180000000000,3,0
712,1424,1425,165,237,200000000,5,0
713,1426,1427,165,347,14000000000,1,0
714,1428,1429,165,827,4000000,7,0
715,1430,1431,166,599,80000000,6,0
716,1432,1433,166,237,1600000,7,0
717,1434,1435,166,382,10000000000,4,0
718,1436,1437,166,811,80000000,7,0
719,1438,1439,167,994,60000,6,0
720,1440,1441,167,758,140000000000,6,0
721,1442,1443,167,690,8000000000,6,0
722,1444,1445,167,878,100000,5,0
723,1446,1447,167,471,80000,8,0
724,1448,1449,168,306,200000000,3,0
725,1450,1451,168,203,12000000,1,0
726,1452,1453,168,990,1600000,6,0
727,1454,1455,168,205,400000,1,0
728,1456,1457,168,737,80000000,6,0
729,1458,1459,169,651,16000000,7,0
730,1460,1461,169,294,600000,3,0
731,1462,1463,169,788,120000,6,0
732,1464,1465,169,542,20000000000,8,0
733,1466,1467,169,810,60000000,3,0
734,1468,1469,170,980,40000000,1,0
735,1470,1471,170,271,6000000,4,0
736,1472,1473,170,363,10000000,2,0
737,1474,1475,170,634,4000000000,6,1
738,1476,1477,170,989,2000000,1,0
739,1478,1479,171,320,4000000000,2,0
740,1480,1481,171,889,4000000000,7,0
741,1482,1483,171,913,8000000000,3,0
742,1484,1485,171,658,800000,3,0
743,1486,1487,171,496,800000,7,0
744,1488,1489,172,994,1800000000,5,0
745,1490,1491,172,404,80000,4,0
746,1492,1493,172,517,200000000,9,0
747,1494,1495,172,638,600000000,2,0
748,1496,1497,172,386,20000000000,8,0
749,1498,1499,173,759,16000000,4,0
750,1500,1501,173,492,600000,1,0
751,1502,1503,173,92,18000000000,6,0
752,1504,1505,174,638,20000000,7,0
753,1506,1507,174,865,80000000,9,0
754,1508,1509,174,237,2000000000,7,0
755,1510,1511,174,989,2000000000,7,0
756,1512,1513,175,267,100000000,4,0
757,1514,1515,175,517,1600000,9,0
758,1516,1517,175,647,80000000,2,0
759,1518,1519,175,806,14000000000,6,0
760,1520,1521,175,919,4000000,4,0
761,1522,1523,176,778,16000000,8,0
762,1524,1525,176,361,140000,3,0
763,1526,1527,176,845,120000000,7,0
764,1528,1529,177,247,600000000,2,0
765,1530,1531,177,295,180000000,9,0
766,1532,1533,177,739,40000000000,2,0
767,1534,1535,177,824,180000000000,6,0
768,1536,1537,178,599,1600000,4,0
769,1538,1539,178,692,1800000,9,0
770,1540,1541,178,406,40000000,4,0
771,1542,1543,178,751,20000000,3,0
772,1544,1545,178,763,600000000,7,0
773,1546,1547,179,779,1200000,2,0
774,1548,1549,179,741,10000000,8,0
775,1550,1551,179,578,40000,6,0
776,1552,1553,179,398,800000,6,1
777,1554,1555,180,940,180000000000,1,0
778,1556,1557,180,748,1400000,5,0
779,1558,1559,180,261,12000000,2,0
780,1560,1561,180,343,200000,6,0
781,1562,1563,180,800,1800000000,9,0
782,1564,1565,181,861,200000,5,0
783,1566,1567,181,502,600000000,9,0
784,1568,1569,181,939,800000000,6,0
785,1570,1571,181,518,160000000,6,0
786,1572,1573,182,828,100000000000,4,0
787,1574,1575,182,406,2000000,6,0
788,1576,1577,182,251,1800000000,7,0
789,1578,1579,182,611,120000000,7,0
790,1580,1581,182,698,20000000,7,0
791,1582,1583,183,584,18000000000,8,0
792,1584,1585,183,603,180000000,1,0
793,1586,1587,183,818,16000000,7,0
794,1588,1589,183,768,14000000000,5,0
795,1590,1591,183,689,140000000000,1,0
796,1592,1593,184,358,1000000000,3,0
797,1594,1595,184,973,180000000,4,0
798,1596,1597,184,590,100000000000,2,0
799,1598,1599,184,929,16000000000,2,0
800,1600,1601,184,689,20000000000,3,0
801,1602,1603,185,953,1600000000,7,0
802,1604,1605,185,407,160000000,5,0
803,1606,1607,185,233,80000,6,0
804,1608,1609,185,748,120000000,1,0
805,1610,1611,185,280,2000000000,7,0
806,1612,1613,186,635,20000000,7,0
807,1614,1615,186,631,20000000000,7,0
808,1616,1617,186,621,200000000000,9,0
809,1618,1619,186,796,1800000000,5,0
810,1620,1621,187,488,200000000,4,0
811,1622,1623,187,260,1600000,2,0
812,1624,1625,188,479,600000000,6,0
813,1626,1627,188,322,140000000,5,0
814,1628,1629,188,817,20000000,2,0
815,1630,1631,189,749,18000000000,7,0
816,1632,1633,189,348,200000000,3,0
817,1634,1635,189,313,140000000,7,0
818,1636,1637,189,845,120000000000,9,0
819,1638,1639,190,387,40000,8,0
820,1640,1641,190,378,600000000,9,0
821,1642,1643,190,245,180000,5,0
822,1644,1645,190,227,20000000,1,0
823,1646,1647,191,346,1400000000,8,0
824,1648,1649,191,567,160000000,6,0
825,1650,1651,191,977,12000000000,6,0
826,1652,1653,191,438,180000000,9,0
827,1654,1655,192,759,18000000000,4,0
828,1656,1657,192,862,120000000,6,0
829,1658,1659,192,644,18000000,2,0
830,1660,1661,192,934,20000,6,0
831,1662,1663,193,583,1800000,1,0
832,1664,1665,193,284,160000000000,4,0
833,1666,1667,193,564,1800000,3,0
834,1668,1669,194,526,4000000000,8,0
835,1670,1671,194,952,180000000,2,0
836,1672,1673,194,567,2000000,7,0
837,1674,1675,194,714,16000000000,4,0
838,1676,1677,195,924,1400000,8,0
839,1678,1679,195,501,6000000,4,0
840,1680,1681,195,622,200000000,3,0
841,1682,1683,195,616,10000000,5,0
842,1684,1685,196,246,160000,7,0
843,1686,1687,196,739,1600000,5,0
844,1688,1689,196,457,14000000,9,0
845,1690,1691,197,324,20000,2,0
846,1692,1693,197,561,1400000,9,0
847,1694,1695,197,787,160000000,5,0
848,1696,1697,198,361,200000000000,5,0
849,1698,1699,198,266,1200000,4,0
850,1700,1701,198,649,200000000,4,0
851,1702,1703,198,677,14000000000,6,0
852,1704,1705,198,289,60000,5,0
853,1706,1707,199,892,8000000000,7,0
854,1708,1709,199,221,100000000000,2,0
855,1710,1711,199,247,100000,6,0
856,1712,1713,199,630,180000000,1,0
857,1714,1715,200,246,800000,1,0
858,1716,1717,200,927,10000000,1,0
859,1718,1719,200,686,160000000,8,0
860,1720,1721,201,293,200000000,6,0
861,1722,1723,201,377,140000,8,0
862,1724,1725,201,261,20000000,2,0
863,1726,1727,201,402,120000,6,0
864,1728,1729,201,892,20000000,4,0
865,1730,1731,202,882,100000,3,0
866,1732,1733,202,337,20000,6,0
867,1734,1735,202,220,2000000000,2,0
868,1736,1737,202,736,14000000000,6,0
869,1738,1739,203,974,1400000000,3,0
870,1740,1741,203,859,18000000,4,1
871,1742,1743,203,522,200000,3,0
872,1744,1745,204,881,200000000,3,0
873,1746,1747,204,235,600000000,1,0
874,1748,1749,204,284,80000000,1,0
875,1750,1751,204,671,600000,6,0
876,1752,1753,205,403,60000000,4,0
877,1754,1755,205,830,120000000,9,0
878,1756,1757,205,693,180000,9,0
879,1758,1759,205,622,8000000000,9,0
880,1760,1761,206,255,40000,7,0
881,1762,1763,206,352,16000000,8,0
882,1764,1765,206,296,200000000,9,0
883,1766,1767,206,239,20000000,3,0
884,1768,1769,207,978,180000000,4,0
885,1770,1771,207,826,200000,2,0
886,1772,1773,207,353,6000000,4,0
887,1774,1775,207,662,180000000,4,0
888,1776,1777,208,788,200000,6,1
889,1778,1779,208,601,10000000000,6,0
890,1780,1781,208,832,20000000000,3,0
891,1782,1783,208,583,1000000000,1,0
892,1784,1785,208,937,16000000,3,0
893,1786,1787,209,891,600000000,2,0
894,1788,1789,209,575,800000,4,0
895,1790,1791,210,497,120000,8,0
896,1792,1793,210,437,120000000,8,0
897,1794,1795,210,862,60000000,3,0
898,1796,1797,211,232,800000000,1,0
899,1798,1799,211,689,120000000000,8,0
900,1800,1801,211,416,40000000,4,0
901,1802,1803,211,599,400000000,9,0
902,1804,1805,212,509,1600000000,3,0
903,1806,1807,212,335,1800000000,2,0
904,1808,1809,212,411,6000000000,9,0
905,1810,1811,213,426,160000,1,0
906,1812,1813,213,511,160000000,8,0
907,1814,1815,213,818,20000000,1,0
908,1816,1817,213,268,80000000,1,0
909,1818,1819,214,785,1600000,1,0
910,1820,1821,214,729,12000000,8,0
911,1822,1823,215,608,20000000,4,0
912,1824,1825,215,503,200000000,9,0
913,1826,1827,215,672,200000000000,1,0
914,1828,1829,216,590,200000000,5,0
915,1830,1831,216,490,200000000,9,0
916,1832,1833,216,891,100000000000,1,0
917,1834,1835,216,235,80000000,4,0
918,1836,1837,216,837,120000000000,5,0
919,1838,1839,217,760,1800000,1,0
920,1840,1841,217,369,160000000000,9,0
921,1842,1843,217,207,16000000,1,0
922,1844,1845,217,621,6000000000,7,0
923,1846,1847,218,776,60000,2,0
924,1848,1849,218,890,1000000,4,0
925,1850,1851,218,573,160000000000,7,0
926,1852,1853,218,693,160000000,5,0
927,1854,1855,219,971,180000,1,0
928,1856,1857,219,390,600000000,6,0
929,1858,1859,219,847,800000,9,0
930,1860,1861,219,351,200000000000,3,0
931,1862,1863,220,655,400000000,4,0
932,1864,1865,220,727,6000000000,6,0
933,1866,1867,220,441,14000000,2,0
934,1868,1869,221,795,40000,6,0
935,1870,1871,221,255,18000000,5,0
936,1872,1873,221,648,40000,4,0
937,1874,1875,222,751,100000000,7,0
938,1876,1877,222,425,40000,6,0
939,1878,1879,222,357,1000000,9,0
940,1880,1881,223,534,18000000000,8,0
941,1882,1883,223,449,12000000,6,0
942,1884,1885,223,480,2000000000,3,0
943,1886,1887,223,600,6000000000,7,0
944,1888,1889,223,623,600000000,2,0
945,1890,1891,224,736,2000000000,8,0
946,1892,1893,224,673,80000,8,0
947,1894,1895,224,547,400000000,7,0
948,1896,1897,225,586,20000000000,2,0
949,1898,1899,225,806,1000000,8,0
950,1900,1901,225,903,1400000000,3,0
951,1902,1903,226,861,140000000000,7,0
952,1904,1905,226,810,140000000,5,0
953,1906,1907,226,654,6000000,3,0
954,1908,1909,226,936,200000000,8,0
955,1910,1911,227,822,1600000,4,0
956,1912,1913,227,217,100000,2,0
957,1914,1915,227,255,400000000,3,0
958,1916,1917,228,753,2000000000,4,0
959,1918,1919,228,603,400000,6,0
960,1920,1921,228,601,4000000000,6,0
961,1922,1923,228,963,16000000000,1,0
962,1924,1925,229,908,100000000,1,0
963,1926,1927,229,728,400000,6,0
964,1928,1929,229,375,600000000,8,0
965,1930,1931,229,632,2000000000,6,0
966,1932,1933,230,478,1400000000,9,0
967,1934,1935,230,385,1400000000,3,0
968,1936,1937,230,475,60000,1,0
969,1938,1939,231,960,180000000,1,0
970,1940,1941,231,696,120000,1,0
971,1942,1943,231,817,20000,8,0
972,1944,1945,231,440,100000000,5,0
973,1946,1947,231,710,20000000,5,0
974,1948,1949,232,291,120000,9,0
975,1950,1951,232,344,16000000,1,0
976,1952,1953,233,673,20000,8,0
977,1954,1955,233,991,1000000000,2,0
978,1956,1957,233,281,16000000000,9,0
979,1958,1959,234,403,2000000,4,0
980,1960,1961,234,466,16000000000,4,0
981,1962,1963,234,359,4000000000,3,0
982,1964,1965,234,687,600000000,9,0
983,1966,1967,235,568,200000000,9,0
984,1968,1969,235,967,100000,8,0
985,1970,1971,236,698,60000,2,0
986,1972,1973,236,887,1200000,7,0
987,1974,1975,236,762,180000,3,0
988,1976,1977,238,328,1600000000,2,0
989,1978,1979,238,858,8000000000,7,0
990,1980,1981,238,277,18000000,6,0
991,1982,1983,238,971,200000,5,0
992,1984,1985,239,303,20000,4,0
993,1986,1987,239,852,400000000,8,0
994,1988,1989,239,660,2000000000,1,0
995,1990,1991,239,370,60000000000,8,0
996,1992,1993,240,604,80000,3,0
997,1994,1995,240,971,1800000000,1,0
998,1996,1997,240,534,16000000000,9,0
999,1998,1999,240,455,8000000,7,0
1000,2000,2001,240,369,60000,6,0
1001,2002,2003,241,972,2000000,2,0
1002,2004,2005,241,613,140000,8,0
1003,2006,2007,241,247,180000,2,0
1004,2008,2009,242,499,200000,5,0
1005,2010,2011,242,759,10000000000,7,0
1006,2012,2013,242,869,60000000,4,0
1007,2014,2015,242,612,1200000000,1,0
1008,2016,2017,242,600,16000000,6,0
1009,2018,2019,243,699,20000000000,6,0
1010,2020,2021,243,520,60000,8,0
1011,2022,2023,243,434,8000000000,8,0
1012,2024,2025,244,617,60000,3,0
1013,2026,2027,244,262,60000000000,1,0
1014,2028,2029,244,388,160000000,8,0
1015,2030,2031,244,412,60000000,3,0
1016,2032,2033,245,971,2000000,8,0
1017,2034,2035,245,265,60000000,6,0
1018,2036,2037,246,889,12000000000,6,0
1019,2038,2039,246,797,180000000,7,0
1020,2040,2041,248,475,16000000000,4,0
1021,2042,2043,248,796,10000000000,2,0
1022,2044,2045,248,422,160000000,9,0
1023,2046,2047,248,860,16000000000,6,0
1024,2048,2049,248,265,14000000000,9,0
1025,2050,2051,249,788,140000000,3,0
1026,2052,2053,249,346,8000000,1,0
1027,2054,2055,249,431,20000,2,0
1028,2056,2057,250,867,200000000,6,0
1029,2058,2059,250,897,60000000000,1,0
1030,2060,2061,250,721,180000,5,0
1031,2062,2063,250,472,8000000,9,0
1032,2064,2065,251,437,12000000,4,0
1033,2066,2067,251,318,2000000000,5,0
1034,2068,2069,251,730,2000000000,9,0
1035,2070,2071,252,115,400000,1,0
1036,2072,2073,252,195,14000000,5,0
1037,2074,2075,252,534,1000000000,2,0
1038,2076,2077,252,901,20000,7,0
1039,2078,2079,252,434,180000000,9,0
1040,2080,2081,253,851,6000000000,4,0
1041,2082,2083,253,631,6000000000,5,0
1042,2084,2085,253,611,200000,4,0
1043,2086,2087,253,604,2000000000,2,0
1044,2088,2089,254,907,1800000,4,0
1045,2090,2091,254,531,1000000000,3,0
1046,2092,2093,254,803,20000,8,0
1047,2094,2095,254,213,1800000000,8,0
1048,2096,2097,255,824,140000,5,0
1049,2098,2099,255,968,2000000,7,0
1050,2100,2101,256,611,16000000000,7,0
1051,2102,2103,256,966,10000000000,5,0
1052,2104,2105,257,596,800000000,8,0
1053,2106,2107,257,704,1000000000,6,0
1054,2108,2109,257,900,200000000,1,0
1055,2110,2111,257,745,120000000000,9,0
1056,2112,2113,257,420,2000000,7,0
1057,2114,2115,258,507,600000000,2,0
1058,2116,2117,258,898,8000000,5,0
1059,2118,2119,258,402,1400000000,3,0
1060,2120,2121,258,441,18000000,7,0
1061,2122,2123,258,763,400000,5,0
1062,2124,2125,259,296,180000000000,8,0
1063,2126,2127,259,576,60000000,2,0
1064,2128,2129,259,853,16000000,9,0
1065,2130,2131,260,418,100000,9,0
1066,2132,2133,260,992,6000000,1,0
1067,2134,2135,260,457,20000000,9,0
1068,2136,2137,260,480,20000000000,8,0
1069,2138,2139,261,626,400000000,7,0
1070,2140,2141,261,667,2000000,9,0
1071,2142,2143,261,777,20000000000,1,0
1072,2144,2145,262,962,180000000000,2,0
1073,2146,2147,262,963,2000000,4,0
1074,2148,2149,262,826,8000000000,3,0
1075,2150,2151,263,801,40000000000,8,0
1076,2152,2153,263,821,20000000000,1,0
1077,2154,2155,263,514,200000,6,0
1078,2156,2157,264,942,2000000000,2,0
1079,2158,2159,264,755,6000000000,3,0
1080,2160,2161,264,530,20000000000,2,0
1081,2162,2163,265,806,100000000,6,0
1082,2164,2165,266,872,10000000,1,0
1083,2166,2167,266,995,180000000,3,0
1084,2168,2169,266,367,160000,8,0
1085,2170,2171,266,396,8000000000,7,0
1086,2172,2173,267,922,4000000,7,0
1087,2174,2175,267,778,160000000,9,0
1088,2176,2177,267,592,100000000,4,0
1089,2178,2179,268,187,20000,7,0
1090,2180,2181,268,397,140000000,3,0
1091,2182,2183,268,861,120000,1,0
1092,2184,2185,269,444,140000000000,3,0
1093,2186,2187,269,504,80000000000,8,0
1094,2188,2189,270,426,8000000,3,0
1095,2190,2191,270,762,20000000,4,0
1096,2192,2193,270,638,20000000000,5,0
1097,2194,2195,271,824,100000,1,0
1098,2196,2197,271,443,400000,7,0
1099,2198,2199,271,631,20000,5,0
1100,2200,2201,271,581,160000000,2,0
1101,2202,2203,272,725,180000000000,3,1
1102,2204,2205,272,152,12000000,3,0
1103,2206,2207,272,293,400000000,4,0
1104,2208,2209,273,333,80000000,8,0
1105,2210,2211,273,401,2000000,4,0
1106,2212,2213,273,121,200000,4,0
1107,2214,2215,273,981,200000000000,2,0
1108,2216,2217,273,600,140000000,1,0
1109,2218,2219,274,363,1000000000,8,0
1110,2220,2221,274,326,400000,3,0
1111,2222,2223,274,360,160000000000,5,0
1112,2224,2225,274,710,80000000000,3,0
1113,2226,2227,275,543,2000000000,2,0
1114,2228,2229,275,925,600000,4,0
1115,2230,2231,275,766,10000000000,5,0
1116,2232,2233,275,287,2000000000,3,0
1117,2234,2235,276,369,40000000,2,0
1118,2236,2237,276,346,1800000000,7,0
1119,2238,2239,276,548,200000000,6,0
1120,2240,2241,277,575,100000000000,1,0
1121,2242,2243,277,283,120000000,2,0
1122,2244,2245,277,801,4000000000,6,0
1123,2246,2247,278,335,40000,3,0
1124,2248,2249,278,524,18000000,7,0
1125,2250,2251,279,701,800000000,5,0
1126,2252,2253,279,529,80000000000,2,0
1127,2254,2255,279,749,1600000,6,0
1128,2256,2257,279,571,16000000,5,0
1129,2258,2259,280,822,200000000000,7,0
1130,2260,2261,280,28,80000,2,0
1131,2262,2263,281,687,20000000000,5,0
1132,2264,2265,281,875,1400000000,9,0
1133,2266,2267,282,243,20000,7,0
1134,2268,2269,282,740,20000,6,0
1135,2270,2271,282,468,1400000,3,0
1136,2272,2273,283,800,40000000000,5,0
1137,2274,2275,283,690,160000,1,0
1138,2276,2277,283,665,100000,4,0
1139,2278,2279,284,686,2000000,9,0
1140,2280,2281,284,522,18000000,5,0
1141,2282,2283,285,907,200000,3,0
1142,2284,2285,285,792,2000000000,4,0
1143,2286,2287,285,735,18000000000,2,0
1144,2288,2289,286,234,40000000000,8,0
1145,2290,2291,286,425,600000,4,0
1146,2292,2293,286,654,60000,3,0
1147,2294,2295,286,858,18000000,5,0
1148,2296,2297,286,724,4000000,4,0
1149,2298,2299,287,384,10000000000,7,0
1150,2300,2301,287,813,1000000000,3,0
1151,2302,2303,287,734,4000000,2,0
1152,2304,2305,287,846,12000000,1,0
1153,2306,2307,288,304,1400000,8,0
1154,2308,2309,288,679,4000000000,6,0
1155,2310,2311,288,905,10000000000,5,1
1156,2312,2313,289,383,200000000,9,0
1157,2314,2315,289,606,200000000,6,0
1158,2316,2317,289,539,200000,7,0
1159,2318,2319,289,454,60000,7,0
1160,2320,2321,290,494,40000000000,7,0
1161,2322,2323,290,955,400000000,7,0
1162,2324,2325,290,952,4000000000,7,0
1163,2326,2327,290,651,180000000000,6,0
1164,2328,2329,291,303,180000,7,0
1165,2330,2331,291,516,1400000000,4,0
1166,2332,2333,291,598,40000,3,0
1167,2334,2335,292,487,1800000,7,0
1168,2336,2337,292,472,800000,3,0
1169,2338,2339,293,977,2000000,5,0
1170,2340,2341,293,968,2000000000,7,0
1171,2342,2343,293,518,10000000000,8,0
1172,2344,2345,294,653,18000000000,7,0
1173,2346,2347,294,424,4000000000,6,0
1174,2348,2349,294,471,18000000000,1,0
1175,2350,2351,294,328,4000000,5,0
1176,2352,2353,295,863,8000000000,2,0
1177,2354,2355,295,368,120000000000,8,0
1178,2356,2357,296,121,1200000000,3,0
1179,2358,2359,297,638,200000000,6,0
1180,2360,2361,297,429,1800000000,4,0
1181,2362,2363,297,674,200000,2,0
1182,2364,2365,297,597,1800000000,6,0
1183,2366,2367,298,556,120000000,8,0
1184,2368,2369,298,194,140000000000,3,0
1185,2370,2371,298,637,600000000,2,0
1186,2372,2373,299,351,20000000,1,1
1187,2374,2375,299,579,60000,3,1
1188,2376,2377,299,719,10000000,7,1
1189,2378,2379,299,309,20000000000,1,1
1190,2380,2381,300,906,160000000,7,0
1191,2382,2383,300,965,100000,1,0
1192,2384,2385,300,634,18000000,3,0
1193,2386,2387,300,719,14000000000,4,0
1194,2388,2389,301,551,120000000,2,0
1195,2390,2391,301,451,20000000,2,0
1196,2392,2393,301,793,40000000,7,0
1197,2394,2395,302,990,20000000000,9,0
1198,2396,2397,302,885,20000000,3,0
1199,2398,2399,302,600,120000000000,1,0
1200,2400,2401,303,609,1000000000,5,0
1201,2402,2403,303,61,180000000000,7,0
1202,2404,2405,304,930,16000000000,3,0
1203,2406,2407,304,358,10000000,9,0
1204,2408,2409,304,817,20000000000,6,0
1205,2410,2411,305,800,80000000,1,0
1206,2412,2413,305,412,8000000,3,0
1207,2414,2415,305,513,4000000,4,0
1208,2416,2417,306,667,80000000000,5,0
1209,2418,2419,306,725,60000000000,9,0
1210,2420,2421,306,420,2000000,7,0
1211,2422,2423,307,965,18000000000,8,0
1212,2424,2425,307,466,60000,7,0
1213,2426,2427,308,394,160000000000,2,0
1214,2428,2429,308,501,40000000,6,0
1215,2430,2431,308,462,200000000,9,0
1216,2432,2433,309,879,8000000000,9,0
1217,2434,2435,309,699,60000000,7,0
1218,2436,2437,309,366,1200000000,3,0
1219,2438,2439,310,929,400000,3,0
1220,2440,2441,310,383,100000000,9,0
1221,2442,2443,310,565,10000000,7,0
1222,2444,2445,310,682,400000,2,0
1223,2446,2447,311,807,40000,4,0
1224,2448,2449,311,738,60000000000,9,0
1225,2450,2451,311,635,2000000,9,0
1226,2452,2453,312,389,20000,9,0
1227,2454,2455,312,877,14000000000,4,0
1228,2456,2457,312,468,1600000,3,0
1229,2458,2459,313,187,1000000,5,0
1230,2460,2461,313,708,800000000,2,0
1231,2462,2463,313,609,1800000000,3,0
1232,2464,2465,313,439,2000000,2,0
1233,2466,2467,314,896,2000000,7,0
1234,2468,2469,314,777,60000,2,0
1235,2470,2471,314,927,1800000000,1,0
1236,2472,2473,314,845,160000000000,6,0
1237,2474,2475,315,564,18000000000,3,0
1238,2476,2477,315,768,20000000000,3,0
1239,2478,2479,315,969,8000000000,6,0
1240,2480,2481,315,635,1400000000,3,0
1241,2482,2483,315,166,1200000,7,0
1242,2484,2485,316,680,140000000,7,0
1243,2486,2487,316,575,120000000,3,0
1244,2488,2489,317,679,1000000,2,0
1245,2490,2491,317,978,1400000000,4,0
1246,2492,2493,317,696,140000000,5,0
1247,2494,2495,318,832,1800000000,6,0
1248,2496,2497,318,724,18000000000,4,0
1249,2498,2499,318,535,200000000000,5,0
1250,2500,2501,319,563,200000,3,0
1251,2502,2503,319,420,2000000,8,0
1252,2504,2505,320,699,180000000,6,0
1253,2506,2507,320,661,4000000000,6,0
1254,2508,2509,321,322,1600000000,4,0
1255,2510,2511,321,489,800000,9,0
1256,2512,2513,321,846,4000000,2,0
1257,2514,2515,322,805,400000000,3,0
1258,2516,2517,322,405,20000000000,3,0
1259,2518,2519,322,824,60000,7,0
1260,2520,2521,323,958,180000000,1,0
1261,2522,2523,323,883,1800000000,4,0
1262,2524,2525,323,722,1400000,8,0
1263,2526,2527,324,773,800000000,2,0
1264,2528,2529,324,944,800000000,4,0
1265,2530,2531,325,723,10000000,2,0
1266,2532,2533,325,911,40000000,5,0
1267,2534,2535,325,675,800000000,3,0
1268,2536,2537,326,758,1800000000,7,0
1269,2538,2539,326,270,160000000000,3,0
1270,2540,2541,327,249,140000000,5,0
1271,2542,2543,327,694,800000,3,0
1272,2544,2545,327,389,200000,3,0
1273,2546,2547,328,827,600000,7,0
1274,2548,2549,328,420,80000000000,5,0
1275,2550,2551,329,632,180000000000,4,0
1276,2552,2553,329,867,600000,3,0
1277,2554,2555,330,342,160000000,2,0
1278,2556,2557,330,527,600000,1,0
1279,2558,2559,330,578,1400000,6,0
1280,2560,2561,331,428,20000,6,0
1281,2562,2563,331,514,6000000000,5,0
1282,2564,2565,331,791,600000,2,0
1283,2566,2567,332,430,2000000000,8,0
1284,2568,2569,332,672,180000,7,0
1285,2570,2571,333,552,400000000,1,0
1286,2572,2573,333,593,2000000000,7,0
1287,2574,2575,334,547,800000,7,0
1288,2576,2577,334,626,400000000,9,0
1289,2578,2579,334,924,14000000,4,0
1290,2580,2581,335,907,14000000000,5,0
1291,2582,2583,336,852,2000000,2,0
1292,2584,2585,336,756,6000000000,1,0
1293,2586,2587,337,903,80000000,6,0
1294,2588,2589,337,869,20000000000,5,0
1295,2590,2591,338,717,200000000,9,0
1296,2592,2593,338,428,1800000,6,0
1297,2594,2595,338,709,12000000000,6,0
1298,2596,2597,339,844,18000000,3,0
1299,2598,2599,339,411,2000000,4,0
1300,2600,2601,340,498,40000,1,0
1301,2602,2603,340,878,120000000000,8,0
1302,2604,2605,340,392,18000000000,1,0
1303,2606,2607,340,795,60000,7,0
1304,2608,2609,341,730,14000000000,3,0
1305,2610,2611,341,919,180000,4,0
1306,2612,2613,341,811,200000000,6,0
1307,2614,2615,341,302,6000000,2,0
1308,2616,2617,342,857,16000000,7,0
1309,2618,2619,342,500,180000000000,2,0
1310,2620,2621,343,399,4000000000,1,0
1311,2622,2623,343,532,12000000000,7,0
1312,2624,2625,343,433,6000000000,2,0
1313,2626,2627,343,644,10000000,7,0
1314,2628,2629,344,642,120000,3,0
1315,2630,2631,344,733,200000000000,7,0
1316,2632,2633,344,691,1800000000,9,0
1317,2634,2635,345,554,2000000,4,0
1318,2636,2637,345,821,6000000000,1,0
1319,2638,2639,346,550,1200000000,1,0
1320,2640,2641,346,700,600000,5,0
1321,2642,2643,347,391,200000000,5,0
1322,2644,2645,347,571,20000000,5,0
1323,2646,2647,347,354,180000000,3,0
1324,2648,2649,347,782,20000000000,9,0
1325,2650,2651,348,359,8000000,7,0
1326,2652,2653,348,759,1600000000,8,0
1327,2654,2655,348,811,200000000,8,0
1328,2656,2657,349,843,14000000,6,0
1329,2658,2659,349,143,200000000,7,0
1330,2660,2661,349,734,20000000,8,0
1331,2662,2663,349,773,1200000,6,0
1332,2664,2665,350,374,20000,3,0
1333,2666,2667,350,671,12000000000,4,0
1334,2668,2669,350,778,160000,4,0
1335,2670,2671,350,897,12000000,9,0
1336,2672,2673,352,957,80000,9,0
1337,2674,2675,352,962,10000000,1,0
1338,2676,2677,352,807,60000,7,0
1339,2678,2679,352,368,60000,1,0
1340,2680,2681,353,312,400000000,8,0
1341,2682,2683,353,736,40000000,3,0
1342,2684,2685,353,646,8000000,9,0
1343,2686,2687,354,873,2000000000,7,0
1344,2688,2689,354,678,180000000000,4,0
1345,2690,2691,354,828,6000000,6,0
1346,2692,2693,355,685,120000000,3,0
1347,2694,2695,355,956,180000000000,7,0
1348,2696,2697,355,478,6000000000,9,0
1349,2698,2699,355,716,14000000000,3,0
1350,2700,2701,355,173,120000000000,5,0
1351,2702,2703,356,401,40000000000,4,0
1352,2704,2705,356,712,140000000000,1,0
1353,2706,2707,356,403,200000000,1,0
1354,2708,2709,356,602,160000,6,0
1355,2710,2711,357,949,18000000,3,0
1356,2712,2713,357,397,1800000,4,0
1357,2714,2715,357,748,180000000,4,0
1358,2716,2717,358,760,120000,2,0
1359,2718,2719,358,935,20000000000,4,0
1360,2720,2721,358,760,20000,8,0
1361,2722,2723,359,754,1600000,4,0
1362,2724,2725,359,518,1400000000,3,0
1363,2726,2727,359,987,800000000,2,0
1364,2728,2729,360,833,200000,8,0
1365,2730,2731,360,541,20000000,2,0
1366,2732,2733,360,732,40000,7,0
1367,2734,2735,360,891,6000000,3,0
1368,2736,2737,361,985,1400000,7,0
1369,2738,2739,362,901,1200000000,1,0
1370,2740,2741,362,483,14000000,1,0
1371,2742,2743,362,869,180000000000,2,0
1372,2744,2745,363,940,14000000,9,0
1373,2746,2747,364,644,16000000,6,0
1374,2748,2749,364,414,20000000,1,0
1375,2750,2751,364,966,200000000000,1,0
1376,2752,2753,365,719,180000,9,0
1377,2754,2755,365,777,10000000,8,0
1378,2756,2757,366,717,10000000000,1,0
1379,2758,2759,366,752,1000000000,2,0
1380,2760,2761,366,474,140000000000,8,0
1381,2762,2763,367,357,180000000,4,0
1382,2764,2765,367,613,40000,3,0
1383,2766,2767,367,454,800000,5,0
1384,2768,2769,367,990,80000,8,0
1385,2770,2771,368,925,2000000000,9,0
1386,2772,2773,368,988,8000000,9,0
1387,2774,2775,369,861,16000000,5,0
1388,2776,2777,369,462,200000,5,0
1389,2778,2779,370,757,1200000,6,0
1390,2780,2781,370,931,180000,5,0
1391,2782,2783,370,319,20000,3,0
1392,2784,2785,370,592,400000,9,0
1393,2786,2787,371,569,16000000,3,0
1394,2788,2789,371,974,100000,4,0
1395,2790,2791,372,920,20000,4,0
1396,2792,2793,372,667,180000,2,0
1397,2794,2795,372,942,180000,2,0
1398,2796,2797,372,495,4000000000,5,0
1399,2798,2799,373,391,1400000000,6,0
1400,2800,2801,373,781,400000000,8,0
1401,2802,2803,374,903,10000000,6,0
1402,2804,2805,374,269,160000000000,7,0
1403,2806,2807,374,726,180000000000,6,0
1404,2808,2809,375,698,8000000,6,0
1405,2810,2811,375,401,2000000000,3,0
1406,2812,2813,375,893,800000000,1,0
1407,2814,2815,376,771,1600000,8,0
1408,2816,2817,376,767,18000000,3,0
1409,2818,2819,376,399,180000000000,7,0
1410,2820,2821,376,147,80000000000,1,0
1411,2822,2823,377,496,100000000,6,0
1412,2824,2825,377,731,120000000000,8,0
1413,2826,2827,377,783,800000,9,0
1414,2828,2829,378,494,200000000,5,0
1415,2830,2831,378,909,40000000000,4,0
1416,2832,2833,379,973,40000,7,0
1417,2834,2835,379,558,600000,1,0
1418,2836,2837,379,734,12000000000,1,0
1419,2838,2839,379,717,400000,1,0
1420,2840,2841,380,475,600000,4,0
1421,2842,2843,380,366,20000,4,0
1422,2844,2845,380,930,120000000,5,0
1423,2846,2847,380,587,100000000,7,0
1424,2848,2849,381,634,6000000,7,0
1425,2850,2851,381,467,1400000000,4,0
1426,2852,2853,382,643,1600000,5,0
1427,2854,2855,382,932,200000000,4,0
1428,2856,2857,382,598,8000000,1,0
1429,2858,2859,382,701,10000000000,5,0
1430,2860,2861,383,420,1800000,8,0
1431,2862,2863,383,453,160000,1,0
1432,2864,2865,384,742,800000000,6,0
1433,2866,2867,384,962,200000000,3,0
1434,2868,2869,384,448,40000,3,1
1435,2870,2871,385,652,800000000,9,0
1436,2872,2873,385,391,12000000,1,0
1437,2874,2875,386,395,600000000,6,0
1438,2876,2877,386,891,20000,9,0
1439,2878,2879,386,620,140000000,4,0
1440,2880,2881,387,851,20000000,1,0
1441,2882,2883,387,122,160000000000,9,0
1442,2884,2885,387,651,200000000,2,0
1443,2886,2887,387,79,140000000,8,0
1444,2888,2889,388,724,1800000000,9,0
1445,2890,2891,388,577,10000000,7,0
1446,2892,2893,388,739,180000,8,0
1447,2894,2895,388,695,400000,3,0
1448,2896,2897,389,471,20000,3,0
1449,2898,2899,389,871,1000000,3,0
1450,2900,2901,389,630,4000000000,5,0
1451,2902,2903,390,278,1000000000,7,0
1452,2904,2905,390,890,800000000,1,0
1453,2906,2907,391,734,160000,7,0
1454,2908,2909,391,485,120000000000,4,0
1455,2910,2911,392,256,1600000000,9,0
1456,2912,2913,392,374,1600000000,1,0
1457,2914,2915,392,553,160000,7,0
1458,2916,2917,393,269,20000000000,2,0
1459,2918,2919,393,507,18000000000,9,1
1460,2920,2921,393,777,40000000,4,0
1461,2922,2923,394,89,200000,1,0
1462,2924,2925,394,723,6000000000,3,0
1463,2926,2927,394,655,180000,3,0
1464,2928,2929,395,940,20000000,8,0
1465,2930,2931,395,877,1600000000,3,0
1466,2932,2933,395,812,80000000000,5,0
1467,2934,2935,395,314,160000,3,0
1468,2936,2937,396,460,180000000000,2,0
1469,2938,2939,396,926,1800000,8,0
1470,2940,2941,396,399,1800000000,1,0
1471,2942,2943,397,405,140000,4,0
1472,2944,2945,397,642,120000000000,3,0
1473,2946,2947,397,440,100000,4,0
1474,2948,2949,398,497,1600000,7,0
1475,2950,2951,398,569,180000,1,0
1476,2952,2953,398,483,20000000000,4,0
1477,2954,2955,398,744,600000000,9,0
1478,2956,2957,399,519,200000000,5,0
1479,2958,2959,399,327,400000,8,0
1480,2960,2961,400,469,1000000000,7,0
1481,2962,2963,400,558,600000000,9,0
1482,2964,2965,400,718,1000000,3,0
1483,2966,2967,401,817,10000000000,2,0
1484,2968,2969,402,773,60000,1,0
1485,2970,2971,403,487,1600000000,6,0
1486,2972,2973,404,441,800000,5,0
1487,2974,2975,404,895,8000000,7,0
1488,2976,2977,404,249,60000000000,5,0
1489,2978,2979,405,262,200000000000,6,0
1490,2980,2981,405,713,40000,5,0
1491,2982,2983,405,521,40000000,9,0
1492,2984,2985,407,895,400000000,4,0
1493,2986,2987,407,640,4000000000,4,0
1494,2988,2989,408,353,1400000,8,0
1495,2990,2991,408,624,2000000,7,0
1496,2992,2993,408,765,14000000000,1,0
1497,2994,2995,408,765,100000,9,0
1498,2996,2997,409,791,4000000000,4,0
1499,2998,2999,409,664,14000000000,5,0
1500,3000,3001,409,783,1200000,9,0
1501,3002,3003,409,539,200000,4,0
1502,3004,3005,410,991,200000000000,3,0
1503,3006,3007,410,504,4000000000,3,0
1504,3008,3009,410,771,800000000,2,0
1505,3010,3011,410,970,200000000,2,0
1506,3012,3013,411,545,6000000000,1,0
1507,3014,3015,411,727,1000000,1,0
1508,3016,3017,411,226,1200000,7,0
1509,3018,3019,412,453,16000000,9,0
1510,3020,3021,412,946,14000000,5,0
1511,3022,3023,412,446,160000,6,0
1512,3024,3025,413,362,2000000000,9,0
1513,3026,3027,413,554,140000000000,1,0
1514,3028,3029,413,474,8000000,2,0
1515,3030,3031,413,215,4000000000,6,0
1516,3032,3033,414,954,20000000000,4,0
1517,3034,3035,414,830,1400000,6,0
1518,3036,3037,414,563,60000000000,6,0
1519,3038,3039,415,492,1200000,3,0
1520,3040,3041,415,955,6000000000,3,0
1521,3042,3043,415,739,140000000,1,0
1522,3044,3045,416,981,20000000,7,0
1523,3046,3047,416,381,100000000,6,0
1524,3048,3049,416,901,200000,7,0
1525,3050,3051,417,630,14000000,5,0
1526,3052,3053,417,616,140000,6,0
1527,3054,3055,417,597,18000000,6,0
1528,3056,3057,417,384,10000000000,3,0
1529,3058,3059,418,994,1000000,8,0
1530,3060,3061,418,602,1400000,1,0
1531,3062,3063,418,434,2000000,5,0
1532,3064,3065,419,699,100000000,9,0
1533,3066,3067,421,413,10000000000,5,0
1534,3068,3069,421,792,1400000000,4,0
1535,3070,3071,421,244,4000000,1,0
1536,3072,3073,421,465,14000000,1,0
1537,3074,3075,422,993,140000000000,1,0
1538,3076,3077,422,633,180000000000,5,0
1539,3078,3079,422,445,800000000,9,0
1540,3080,3081,423,498,20000000000,3,0
1541,3082,3083,423,924,1200000000,4,0
1542,3084,3085,423,611,40000000000,7,0
1543,3086,3087,424,635,1200000000,9,0
1544,3088,3089,424,877,40000000,4,0
1545,3090,3091,425,971,60000000,5,0
1546,3092,3093,425,833,400000000,1,0
1547,3094,3095,425,891,200000,9,0
1548,3096,3097,426,997,18000000,9,0
1549,3098,3099,426,822,1800000,1,1
1550,3100,3101,427,950,1000000,3,0
1551,3102,3103,427,680,40000,6,0
1552,3104,3105,427,254,1400000000,3,0
1553,3106,3107,427,520,100000,3,0
1554,3108,3109,428,531,2000000,9,0
1555,3110,3111,428,529,800000000,8,0
1556,3112,3113,428,688,60000000,6,0
1557,3114,3115,429,754,14000000,7,0
1558,3116,3117,429,605,40000000,3,0
1559,3118,3119,429,721,2000000000,8,0
1560,3120,3121,429,486,16000000000,7,0
1561,3122,3123,430,149,16000000000,4,0
1562,3124,3125,431,914,18000000000,6,0
1563,3126,3127,432,778,14000000,6,0
1564,3128,3129,432,836,60000000000,6,0
1565,3130,3131,433,929,160000,7,0
1566,3132,3133,433,567,40000,6,0
1567,3134,3135,433,569,180000,7,0
1568,3136,3137,434,807,1800000,7,0
1569,3138,3139,434,84,2000000000,1,0
1570,3140,3141,435,500,1800000000,6,0
1571,3142,3143,435,984,120000000,5,0
1572,3144,3145,435,427,160000000,6,0
1573,3146,3147,436,528,180000000,1,0
1574,3148,3149,436,922,60000000000,9,0
1575,3150,3151,436,783,40000000000,8,0
1576,3152,3153,438,863,40000000,7,0
1577,3154,3155,438,532,16000000,9,0
1578,3156,3157,438,701,180000000,8,0
1579,3158,3159,439,869,160000000000,2,0
1580,3160,3161,439,362,100000000,2,0
1581,3162,3163,439,613,80000000,3,0
1582,3164,3165,439,363,10000000,8,0
1583,3166,3167,440,927,20000000000,6,0
1584,3168,3169,440,453,100000,2,0
1585,3170,3171,440,954,400000000,7,0
1586,3172,3173,441,614,200000,3,0
1587,3174,3175,441,474,2000000000,1,0
1588,3176,3177,442,341,16000000000,7,0
1589,3178,3179,442,966,1200000000,5,0
1590,3180,3181,442,768,8000000,1,0
1591,3182,3183,443,596,1800000,1,0
1592,3184,3185,443,959,60000,2,0
1593,3186,3187,443,822,1200000000,3,0
1594,3188,3189,443,918,60000000,3,0
1595,3190,3191,444,778,2000000000,3,0
1596,3192,3193,444,307,14000000000,7,0
1597,3194,3195,444,522,400000000,7,0
1598,3196,3197,445,676,1000000000,9,0
1599,3198,3199,445,762,20000,4,0
1600,3200,3201,445,251,200000000000,9,0
1601,3202,3203,446,705,60000000,5,0
1602,3204,3205,446,520,600000000,3,0
1603,3206,3207,446,651,12000000,4,0
1604,3208,3209,446,909,6000000000,8,0
1605,3210,3211,447,453,2000000000,4,0
1606,3212,3213,447,865,20000,1,0
1607,3214,3215,447,539,600000000,3,0
1608,3216,3217,448,356,18000000000,9,1
1609,3218,3219,448,818,1000000,6,1
1610,3220,3221,449,707,140000000000,8,0
1611,3222,3223,449,306,1200000,1,0
1612,3224,3225,449,333,160000000,7,0
1613,3226,3227,450,458,20000000,9,0
1614,3228,3229,450,510,1200000,4,1
1615,3230,3231,450,575,4000000000,5,0
1616,3232,3233,450,488,100000000,6,0
1617,3234,3235,451,576,1600000000,8,0
1618,3236,3237,451,962,2000000,2,0
1619,3238,3239,451,507,80000000000,3,0
1620,3240,3241,452,465,6000000000,1,0
1621,3242,3243,452,653,1600000000,7,0
1622,3244,3245,452,659,180000000,4,0
1623,3246,3247,452,596,12000000,4,0
1624,3248,3249,453,617,2000000000,3,0
1625,3250,3251,454,481,1000000000,3,0
1626,3252,3253,454,640,2000000,8,0
1627,3254,3255,454,667,180000000000,3,0
1628,3256,3257,455,811,100000000,4,0
1629,3258,3259,455,693,12000000000,4,0
1630,3260,3261,455,788,200000000,6,0
1631,3262,3263,456,693,100000000,6,0
1632,3264,3265,456,866,80000000,1,0
1633,3266,3267,456,468,800000,2,0
1634,3268,3269,456,719,40000000000,6,0
1635,3270,3271,457,978,16000000,3,0
1636,3272,3273,457,816,200000000,9,0
1637,3274,3275,458,865,100000,9,0
1638,3276,3277,458,647,800000,4,0
1639,3278,3279,458,858,20000000000,2,0
1640,3280,3281,458,887,80000000,7,0
1641,3282,3283,459,187,100000,1,0
1642,3284,3285,459,377,180000000,6,0
1643,3286,3287,459,960,20000000000,9,0
1644,3288,3289,459,761,120000000000,9,0
1645,3290,3291,460,803,180000000,1,0
1646,3292,3293,461,540,800000000,8,0
1647,3294,3295,461,490,180000,2,0
1648,3296,3297,462,373,120000000000,2,0
1649,3298,3299,462,772,100000000000,4,0
1650,3300,3301,463,551,20000000000,4,0
1651,3302,3303,463,584,1800000,5,0
1652,3304,3305,463,308,18000000,4,0
1653,3306,3307,463,819,1400000,3,0
1654,3308,3309,464,450,200000,8,0
1655,3310,3311,464,748,4000000,2,0
1656,3312,3313,464,774,1200000,6,0
1657,3314,3315,465,977,2000000000,8,0
1658,3316,3317,465,599,8000000,4,0
1659,3318,3319,465,949,6000000000,1,0
1660,3320,3321,466,882,400000000,7,0
1661,3322,3323,466,794,1800000,3,0
1662,3324,3325,466,786,10000000,8,0
1663,3326,3327,467,459,20000,6,0
1664,3328,3329,467,496,10000000,4,0
1665,3330,3331,468,788,6000000000,1,0
1666,3332,3333,469,577,1600000,6,0
1667,3334,3335,469,334,180000000,4,0
1668,3336,3337,469,785,1800000000,1,0
1669,3338,3339,469,834,6000000,5,0
1670,3340,3341,470,654,180000000,9,0
1671,3342,3343,470,494,1000000000,2,0
1672,3344,3345,470,349,8000000000,9,0
1673,3346,3347,472,583,1600000,6,0
1674,3348,3349,472,986,2000000000,1,0
1675,3350,3351,473,732,1000000,7,0
1676,3352,3353,474,956,14000000000,4,0
1677,3354,3355,474,714,4000000,3,0
1678,3356,3357,475,592,120000000000,3,0
1679,3358,3359,476,688,6000000000,5,0
1680,3360,3361,476,947,10000000000,1,0
1681,3362,3363,477,753,180000,7,0
1682,3364,3365,477,591,120000000000,5,0
1683,3366,3367,477,989,18000000,2,0
1684,3368,3369,477,524,160000,7,0
1685,3370,3371,478,619,200000000000,1,0
1686,3372,3373,478,764,160000,2,0
1687,3374,3375,479,964,20000000,9,0
1688,3376,3377,479,533,40000,5,1
1689,3378,3379,479,763,180000,8,0
1690,3380,3381,481,818,14000000,6,0
1691,3382,3383,481,925,1800000000,3,0
1692,3384,3385,481,795,1600000,4,0
1693,3386,3387,482,507,200000,6,0
1694,3388,3389,482,705,1800000,5,0
1695,3390,3391,482,565,20000000000,8,0
1696,3392,3393,482,527,160000000,4,0
1697,3394,3395,483,551,12000000000,2,0
1698,3396,3397,483,844,1000000000,2,0
1699,3398,3399,483,949,4000000,6,0
1700,3400,3401,484,850,200000,1,0
1701,3402,3403,484,654,200000,6,0
1702,3404,3405,485,661,100000000,9,1
1703,3406,3407,485,713,20000000000,4,0
1704,3408,3409,485,948,200000,8,0
1705,3410,3411,486,430,6000000000,7,0
1706,3412,3413,487,628,20000,4,0
1707,3414,3415,487,852,80000000000,7,0
1708,3416,3417,487,936,1400000000,5,0
1709,3418,3419,488,657,600000000,6,0
1710,3420,3421,488,492,160000000,8,0
1711,3422,3423,490,225,1600000,7,0
1712,3424,3425,491,654,140000,2,0
1713,3426,3427,491,940,120000000,9,0
1714,3428,3429,492,660,140000,3,0
1715,3430,3431,492,836,60000000000,8,0
1716,3432,3433,493,400,160000000,9,0
1717,3434,3435,493,917,20000000000,6,0
1718,3436,3437,493,633,200000000000,8,0
1719,3438,3439,494,546,20000000,9,0
1720,3440,3441,495,969,100000,7,0
1721,3442,3443,495,763,8000000,7,0
1722,3444,3445,495,624,16000000000,9,0
1723,3446,3447,495,831,12000000,9,0
1724,3448,3449,496,329,180000000,5,0
1725,3450,3451,496,519,8000000,6,0
1726,3452,3453,497,165,8000000,3,0
1727,3454,3455,497,838,10000000000,9,0
1728,3456,3457,498,538,600000000,6,0
1729,3458,3459,498,536,2000000000,7,0
1730,3460,3461,499,327,100000000,2,0
1731,3462,3463,499,506,2000000,6,0
1732,3464,3465,499,858,80000000,6,0
1733,3466,3467,500,643,60000000000,8,0
1734,3468,3469,501,954,600000,7,0
1735,3470,3471,501,998,10000000,1,0
1736,3472,3473,502,901,100000,3,0
1737,3474,3475,502,742,10000000,9,0
1738,3476,3477,503,974,80000000,4,0
1739,3478,3479,503,727,1200000000,9,0
1740,3480,3481,503,764,200000,2,0
1741,3482,3483,504,572,800000000,6,0
1742,3484,3485,504,688,10000000,1,0
1743,3486,3487,505,981,6000000,9,0
1744,3488,3489,505,675,1800000000,6,0
1745,3490,3491,505,691,160000,7,0
1746,3492,3493,506,656,1000000000,2,0
1747,3494,3495,506,174,100000000000,2,0
1748,3496,3497,506,715,600000,6,0
1749,3498,3499,507,819,1600000000,3,0
1750,3500,3501,508,824,80000000,6,0
1751,3502,3503,508,302,160000000,9,0
1752,3504,3505,508,572,600000,9,0
1753,3506,3507,509,977,18000000,5,0
1754,3508,3509,509,998,120000,6,0
1755,3510,3511,510,621,1000000,8,0
1756,3512,3513,511,593,1600000000,1,0
1757,3514,3515,511,831,1200000,8,0
1758,3516,3517,512,625,120000000,9,0
1759,3518,3519,512,295,12000000000,5,0
1760,3520,3521,512,528,60000000,9,0
1761,3522,3523,513,773,160000000,6,0
1762,3524,3525,513,853,20000000,3,0
1763,3526,3527,513,961,200000000000,3,0
1764,3528,3529,513,808,20000000000,4,0
1765,3530,3531,514,982,1400000,3,0
1766,3532,3533,514,556,100000,4,0
1767,3534,3535,515,206,80000,3,0
1768,3536,3537,515,438,40000,4,0
1769,3538,3539,515,550,1400000,8,0
1770,3540,3541,516,617,1600000,1,0
1771,3542,3543,517,856,1400000000,6,0
1772,3544,3545,517,966,1000000000,6,0
1773,3546,3547,517,676,2000000000,8,0
1774,3548,3549,519,876,2000000000,3,0
1775,3550,3551,519,595,1400000000,5,0
1776,3552,3553,520,733,20000000000,1,0
1777,3554,3555,520,800,1400000,5,0
1778,3556,3557,521,897,1000000000,2,0
1779,3558,3559,521,868,20000,1,0
1780,3560,3561,521,845,60000,7,0
1781,3562,3563,522,705,18000000,9,0
1782,3564,3565,522,755,600000,5,0
1783,3566,3567,525,381,1600000000,3,1
1784,3568,3569,525,663,1400000,8,1
1785,3570,3571,525,614,160000,3,1
1786,3572,3573,526,514,2000000,8,0
1787,3574,3575,527,365,20000000,7,0
1788,3576,3577,528,702,80000000000,8,0
1789,3578,3579,529,961,20000,6,0
1790,3580,3581,529,648,14000000000,2,0
1791,3582,3583,529,558,8000000000,5,0
1792,3584,3585,530,684,400000,4,0
1793,3586,3587,530,563,1600000000,5,0
1794,3588,3589,530,196,16000000,1,0
1795,3590,3591,531,307,80000000000,7,0
1796,3592,3593,531,83,14000000,8,0
1797,3594,3595,532,920,2000000,3,0
1798,3596,3597,533,795,180000,4,1
1799,3598,3599,533,684,12000000000,5,1
1800,3600,3601,534,980,2000000,5,0
1801,3602,3603,534,880,80000000000,8,0
1802,3604,3605,535,863,100000,9,0
1803,3606,3607,535,600,800000000,2,0
1804,3608,3609,535,662,1000000000,4,0
1805,3610,3611,535,633,180000,4,0
1806,3612,3613,536,764,100000000,1,0
1807,3614,3615,536,819,18000000000,2,0
1808,3616,3617,537,638,1600000000,3,0
1809,3618,3619,537,747,1800000000,8,0
1810,3620,3621,539,566,1800000000,8,0
1811,3622,3623,540,643,1000000000,5,0
1812,3624,3625,541,915,200000000,8,0
1813,3626,3627,541,796,400000,7,0
1814,3628,3629,543,914,80000000,1,0
1815,3630,3631,543,803,18000000,4,0
1816,3632,3633,544,716,120000000000,2,0
1817,3634,3635,544,901,200000000,2,0
1818,3636,3637,545,385,14000000,3,0
1819,3638,3639,545,958,100000000000,2,0
1820,3640,3641,545,431,20000000000,3,0
1821,3642,3643,546,280,200000000,5,0
1822,3644,3645,546,541,400000,3,0
1823,3646,3647,546,538,120000000,9,0
1824,3648,3649,547,886,12000000000,7,0
1825,3650,3651,547,844,140000000000,9,0
1826,3652,3653,548,728,200000000000,8,0
1827,3654,3655,548,521,6000000,2,0
1828,3656,3657,549,987,1400000000,7,0
1829,3658,3659,549,651,400000,8,0
1830,3660,3661,549,577,8000000000,5,0
1831,3662,3663,550,253,200000000,1,0
1832,3664,3665,550,305,6000000000,1,0
1833,3666,3667,551,989,60000,1,0
1834,3668,3669,552,826,14000000000,7,0
1835,3670,3671,552,323,1200000000,3,0
1836,3672,3673,552,870,140000000000,5,0
1837,3674,3675,553,647,180000,2,0
1838,3676,3677,553,967,140000000000,8,0
1839,3678,3679,553,761,200000,1,0
1840,3680,3681,554,662,12000000,8,0
1841,3682,3683,555,779,1600000,2,0
1842,3684,3685,555,421,140000,3,0
1843,3686,3687,556,895,200000000,7,0
1844,3688,3689,556,661,800000000,1,0
1845,3690,3691,557,530,140000,3,0
1846,3692,3693,557,937,100000000,2,0
1847,3694,3695,557,574,1800000,1,0
1848,3696,3697,558,340,100000000,2,0
1849,3698,3699,558,797,100000000000,6,0
1850,3700,3701,559,967,140000000000,2,0
1851,3702,3703,559,961,1200000000,1,0
1852,3704,3705,559,925,20000000,4,0
1853,3706,3707,560,636,200000,1,0
1854,3708,3709,560,936,2000000,9,0
1855,3710,3711,560,929,200000000000,2,0
1856,3712,3713,561,868,200000000,8,0
1857,3714,3715,561,785,12000000000,8,0
1858,3716,3717,562,881,120000000000,1,0
1859,3718,3719,563,564,60000000,8,0
1860,3720,3721,563,503,120000000000,7,0
1861,3722,3723,564,583,120000000000,6,0
1862,3724,3725,564,731,16000000,8,0
1863,3726,3727,565,533,140000000000,1,1
1864,3728,3729,565,546,1600000000,6,0
1865,3730,3731,565,917,8000000000,7,0
1866,3732,3733,566,379,200000000,3,0
1867,3734,3735,566,853,160000000000,8,0
1868,3736,3737,566,682,80000,9,0
1869,3738,3739,567,649,200000000,6,0
1870,3740,3741,567,585,100000,1,0
1871,3742,3743,568,986,2000000000,1,0
1872,3744,3745,568,45,18000000,8,0
1873,3746,3747,569,614,80000000000,1,0
1874,3748,3749,569,757,1800000000,5,0
1875,3750,3751,570,927,18000000000,3,0
1876,3752,3753,570,484,180000,7,0
1877,3754,3755,570,858,160000,1,0
1878,3756,3757,571,873,100000000000,2,0
1879,3758,3759,571,628,2000000000,8,0
1880,3760,3761,572,700,1200000,5,0
1881,3762,3763,572,417,2000000000,1,0
1882,3764,3765,573,964,1600000,6,0
1883,3766,3767,573,639,1000000000,3,0
1884,3768,3769,575,814,2000000,1,0
1885,3770,3771,576,787,20000,2,0
1886,3772,3773,576,794,1400000000,3,0
1887,3774,3775,576,953,2000000,9,0
1888,3776,3777,577,869,40000,7,0
1889,3778,3779,577,688,40000,1,0
1890,3780,3781,578,619,60000000,7,0
1891,3782,3783,578,870,1000000,8,0
1892,3784,3785,579,897,100000000,1,0
1893,3786,3787,579,892,6000000,4,0
1894,3788,3789,580,976,120000,9,0
1895,3790,3791,580,695,80000000000,9,0
1896,3792,3793,581,680,180000000000,6,0
1897,3794,3795,581,616,1600000000,9,0
1898,3796,3797,581,665,100000,8,0
1899,3798,3799,582,373,60000,3,0
1900,3800,3801,582,990,1400000,4,0
1901,3802,3803,582,769,20000000000,9,0
1902,3804,3805,583,193,120000000000,4,0
1903,3806,3807,584,972,2000000000,4,0
1904,3808,3809,585,950,18000000,9,0
1905,3810,3811,585,697,1000000000,1,0
1906,3812,3813,587,280,100000,8,0
1907,3814,3815,587,829,200000000,6,0
1908,3816,3817,588,960,120000000,9,0
1909,3818,3819,588,893,20000000000,8,0
1910,3820,3821,588,650,2000000,6,0
1911,3822,3823,589,917,40000,7,0
1912,3824,3825,589,808,8000000,8,0
1913,3826,3827,589,620,10000000000,9,0
1914,3828,3829,590,574,4000000,1,0
1915,3830,3831,591,974,40000,2,0
1916,3832,3833,591,744,18000000000,3,0
1917,3834,3835,592,602,16000000,5,0
1918,3836,3837,592,867,400000,7,0
1919,3838,3839,593,451,100000000,3,0
1920,3840,3841,594,544,18000000000,4,0
1921,3842,3843,594,916,600000000,9,0
1922,3844,3845,595,599,60000000000,6,0
1923,3846,3847,595,813,14000000000,7,0
1924,3848,3849,596,754,60000,2,0
1925,3850,3851,597,765,180000000,4,0
1926,3852,3853,597,753,2000000000,8,0
1927,3854,3855,598,400,600000000,8,0
1928,3856,3857,601,363,180000000,7,0
1929,3858,3859,602,993,400000000,7,0
1930,3860,3861,604,802,400000000,6,0
1931,3862,3863,604,981,10000000,6,0
1932,3864,3865,605,505,1200000,6,0
1933,3866,3867,605,608,140000000000,5,0
1934,3868,3869,606,706,1200000000,9,0
1935,3870,3871,606,568,1600000,7,0
1936,3872,3873,606,926,1000000000,5,0
1937,3874,3875,607,911,100000,3,0
1938,3876,3877,607,911,80000,6,0
1939,3878,3879,607,263,20000000,8,0
1940,3880,3881,609,972,140000,7,0
1941,3882,3883,609,700,160000000000,3,0
1942,3884,3885,609,670,60000000,2,0
1943,3886,3887,610,910,180000,7,0
1944,3888,3889,612,467,60000,6,0
1945,3890,3891,613,617,120000000000,2,0
1946,3892,3893,613,644,6000000000,6,0
1947,3894,3895,614,913,160000,3,0
1948,3896,3897,614,645,20000,3,0
1949,3898,3899,615,806,20000000000,7,0
1950,3900,3901,615,976,14000000000,6,0
1951,3902,3903,616,805,4000000000,4,0
1952,3904,3905,616,895,1200000000,6,0
1953,3906,3907,617,771,1600000,4,0
1954,3908,3909,618,598,1200000000,5,0
1955,3910,3911,618,725,100000,5,0
1956,3912,3913,619,655,6000000000,3,0
1957,3914,3915,619,804,2000000000,7,0
1958,3916,3917,619,896,20000,6,0
1959,3918,3919,620,829,160000000,9,0
1960,3920,3921,621,712,8000000,5,0
1961,3922,3923,621,624,1600000000,6,0
1962,3924,3925,622,937,1800000,9,0
1963,3926,3927,622,601,1000000,3,0
1964,3928,3929,625,827,6000000000,3,0
1965,3930,3931,625,977,16000000000,9,0
1966,3932,3933,625,873,20000000,2,0
1967,3934,3935,626,793,200000,1,0
1968,3936,3937,626,607,20000000,6,0
1969,3938,3939,626,329,600000000,2,0
1970,3940,3941,627,997,200000000,9,0
1971,3942,3943,629,270,120000000,5,1
1972,3944,3945,629,703,6000000,9,1
1973,3946,3947,631,752,14000000000,8,0
1974,3948,3949,631,855,2000000,5,0
1975,3950,3951,633,909,6000000000,7,0
1976,3952,3953,634,482,18000000,3,0
1977,3954,3955,635,329,6000000,4,0
1978,3956,3957,636,958,160000000000,9,0
1979,3958,3959,637,512,1000000,9,0
1980,3960,3961,637,813,140000000000,3,0
1981,3962,3963,639,805,8000000,8,0
1982,3964,3965,639,780,120000000000,5,0
1983,3966,3967,639,942,20000000,1,0
1984,3968,3969,639,555,1400000000,9,0
1985,3970,3971,640,698,2000000000,2,0
1986,3972,3973,641,709,200000000,9,0
1987,3974,3975,642,464,20000000000,3,0
1988,3976,3977,643,840,40000000,3,0
1989,3978,3979,645,903,80000000000,5,0
1990,3980,3981,645,961,800000,3,0
1991,3982,3983,647,758,140000000000,5,0
1992,3984,3985,647,283,60000000,8,0
1993,3986,3987,648,827,1600000000,2,0
1994,3988,3989,648,678,80000000,2,0
1995,3990,3991,649,680,100000,6,0
1996,3992,3993,650,722,60000000,8,0
1997,3994,3995,650,589,6000000000,6,0
1998,3996,3997,650,610,18000000000,7,0
1999,3998,3999,652,945,1800000000,3,0
2000,4000,4001,652,896,1200000,5,0
2001,4002,4003,653,679,600000,1,0
2002,4004,4005,653,300,120000,5,1
2003,4006,4007,655,661,1200000000,7,0
2004,4008,4009,655,710,14000000,2,0
2005,4010,4011,656,737,20000000000,7,0
2006,4012,4013,656,806,16000000,5,0
2007,4014,4015,657,574,100000000,8,0
2008,4016,4017,657,914,8000000,7,0
2009,4018,4019,657,694,40000000,3,0
2010,4020,4021,658,911,140000,7,0
2011,4022,4023,658,553,16000000,7,0
2012,4024,4025,658,895,1400000,3,0
2013,4026,4027,660,636,200000000,9,0
2014,4028,4029,660,548,400000000,6,0
2015,4030,4031,661,196,1000000000,9,0
2016,4032,4033,663,491,8000000000,5,0
2017,4034,4035,664,533,180000,6,1
2018,4036,4037,664,918,140000000,2,0
2019,4038,4039,665,394,100000000,3,0
2020,4040,4041,665,833,1000000000,2,0
2021,4042,4043,666,671,8000000000,2,0
2022,4044,4045,666,641,1200000,8,0
2023,4046,4047,667,943,1000000,1,0
2024,4048,4049,668,846,180000000,4,0
2025,4050,4051,668,782,160000000,7,0
2026,4052,4053,669,996,4000000,9,0
2027,4054,4055,669,815,20000,9,0
2028,4056,4057,669,939,80000,7,0
2029,4058,4059,671,460,1600000,9,0
2030,4060,4061,672,874,60000000000,2,0
2031,4062,4063,673,769,400000,2,0
2032,4064,4065,673,506,120000000000,4,0
2033,4066,4067,674,722,120000,5,0
2034,4068,4069,674,627,120000,9,0
2035,4070,4071,676,775,1200000,4,0
2036,4072,4073,677,691,120000,6,0
2037,4074,4075,677,288,140000000000,6,0
2038,4076,4077,678,870,20000000000,7,0
2039,4078,4079,680,536,100000000,6,0
2040,4080,4081,681,809,800000,9,0
2041,4082,4083,681,672,180000000,8,0
2042,4084,4085,682,886,20000,6,0
2043,4086,4087,683,801,120000000,3,0
2044,4088,4089,683,751,800000000,1,1
2045,4090,4091,684,393,60000000000,6,0
2046,4092,4093,684,250,180000000,5,0
2047,4094,4095,685,715,18000000000,6,0
2048,4096,4097,685,371,120000000000,5,0
2049,4098,4099,685,767,100000,8,0
2050,4100,4101,686,784,80000000,6,0
2051,4102,4103,686,478,180000,1,0
2052,4104,4105,688,860,80000000,4,0
2053,4106,4107,689,524,140000,2,0
2054,4108,4109,689,950,80000000000,1,0
2055,4110,4111,691,364,12000000,2,0
2056,4112,4113,691,385,60000,5,0
2057,4114,4115,692,610,10000000,4,0
2058,4116,4117,693,825,120000,2,0
2059,4118,4119,695,736,200000,2,0
2060,4120,4121,696,747,1400000,5,0
2061,4122,4123,696,256,10000000,8,0
2062,4124,4125,697,704,1000000,7,0
2063,4126,4127,697,847,4000000000,6,0
2064,4128,4129,698,786,1000000,6,0
2065,4130,4131,700,888,160000000,9,0
2066,4132,4133,700,908,40000000000,7,0
2067,4134,4135,701,875,18000000,5,0
2068,4136,4137,702,847,120000000000,1,0
2069,4138,4139,702,678,14000000,8,0
2070,4140,4141,703,935,80000,7,0
2071,4142,4143,703,906,4000000,4,0
2072,4144,4145,703,674,8000000,9,0
2073,4146,4147,704,875,120000,6,0
2074,4148,4149,704,972,180000000,4,0
2075,4150,4151,705,883,160000000,4,0
2076,4152,4153,706,900,2000000000,6,1
2077,4154,4155,707,991,200000,8,0
2078,4156,4157,709,771,180000,9,0
2079,4158,4159,709,707,60000000,7,0
2080,4160,4161,710,952,180000,8,0
2081,4162,4163,710,849,200000,7,0
2082,4164,4165,711,757,2000000,7,0
2083,4166,4167,712,591,200000,6,0
2084,4168,4169,712,998,20000,8,0
2085,4170,4171,712,874,14000000,1,0
2086,4172,4173,713,805,20000000000,6,0
2087,4174,4175,715,859,80000000000,8,0
2088,4176,4177,716,760,160000,9,0
2089,4178,4179,717,934,20000000000,7,0
2090,4180,4181,718,408,1400000,5,0
2091,4182,4183,718,880,2000000000,9,0
2092,4184,4185,720,657,120000000,5,0
2093,4186,4187,723,706,800000,3,0
2094,4188,4189,723,904,2000000,9,0
2095,4190,4191,723,615,10000000,4,0
2096,4192,4193,725,809,800000,3,0
2097,4194,4195,726,731,18000000,8,0
2098,4196,4197,726,887,180000,3,0
2099,4198,4199,727,885,1400000,6,0
2100,4200,4201,729,732,20000000000,2,0
2101,4202,4203,730,936,8000000,1,0
2102,4204,4205,731,543,20000000,6,0
2103,4206,4207,733,371,20000000,8,0
2104,4208,4209,733,842,1600000000,6,0
2105,4210,4211,735,898,1200000,8,0
2106,4212,4213,735,742,160000000000,7,0
2107,4214,4215,736,949,20000000,3,0
2108,4216,4217,737,663,160000,2,0
2109,4218,4219,737,866,400000,6,0
2110,4220,4221,738,729,200000000000,7,0
2111,4222,4223,738,464,40000,4,0
2112,4224,4225,739,590,40000000,9,0
2113,4226,4227,740,827,140000,8,0
2114,4228,4229,741,561,1200000000,6,0
2115,4230,4231,741,864,200000,9,0
2116,4232,4233,742,802,800000000,2,0
2117,4234,4235,742,743,4000000,4,0
2118,4236,4237,743,640,8000000000,6,0
2119,4238,4239,744,789,1800000,7,0
2120,4240,4241,744,623,180000,2,0
2121,4242,4243,745,833,14000000,2,0
2122,4244,4245,745,330,10000000000,1,0
2123,4246,4247,745,819,180000000,6,0
2124,4248,4249,746,584,2000000000,1,0
2125,4250,4251,746,444,100000000000,9,0
2126,4252,4253,747,860,180000000000,9,0
2127,4254,4255,747,755,6000000,4,0
2128,4256,4257,749,990,2000000,8,0
2129,4258,4259,749,903,40000000,2,0
2130,4260,4261,750,838,1800000000,8,0
2131,4262,4263,751,676,80000,5,0
2132,4264,4265,752,218,18000000000,6,0
2133,4266,4267,752,524,16000000000,8,0
2134,4268,4269,754,913,180000,5,0
2135,4270,4271,756,976,100000,5,0
2136,4272,4273,758,618,40000000,3,0
2137,4274,4275,761,969,80000,2,0
2138,4276,4277,761,936,6000000,6,0
2139,4278,4279,762,595,200000000,7,0
2140,4280,4281,765,767,6000000000,6,0
2141,4282,4283,765,524,2000000000,3,0
2142,4284,4285,766,718,4000000000,5,0
2143,4286,4287,767,968,200000,4,0
2144,4288,4289,767,510,160000000,8,0
2145,4290,4291,770,835,40000000,4,0
2146,4292,4293,770,144,2000000,9,0
2147,4294,4295,771,876,200000,6,0
2148,4296,4297,772,819,160000,3,0
2149,4298,4299,772,470,180000,8,0
2150,4300,4301,772,334,6000000000,8,0
2151,4302,4303,773,875,800000000,2,0
2152,4304,4305,774,887,120000000000,9,0
2153,4306,4307,775,790,12000000,4,0
2154,4308,4309,776,905,40000000,5,1
2155,4310,4311,776,793,160000000,2,0
2156,4312,4313,779,943,180000000000,3,0
2157,4314,4315,780,876,20000000000,1,0
2158,4316,4317,781,568,80000000000,1,0
2159,4318,4319,781,980,120000000000,2,0
2160,4320,4321,784,708,1400000,3,0
2161,4322,4323,785,840,14000000000,3,0
2162,4324,4325,785,319,400000,8,0
2163,4326,4327,786,766,14000000000,4,0
2164,4328,4329,786,952,1200000000,1,0
2165,4330,4331,786,510,160000000,2,0
2166,4332,4333,787,620,1400000,2,0
2167,4334,4335,787,447,180000000000,7,0
2168,4336,4337,789,669,600000000,1,0
2169,4338,4339,789,894,14000000000,9,0
2170,4340,4341,790,823,40000000000,8,0
2171,4342,4343,792,749,80000000,9,0
2172,4344,4345,792,975,1400000,3,0
2173,4346,4347,793,423,8000000,5,0
2174,4348,4349,793,934,2000000,6,0
2175,4350,4351,794,836,140000000,2,1
2176,4352,4353,795,678,20000000000,7,0
2177,4354,4355,797,715,100000,1,0
2178,4356,4357,797,644,400000,6,0
2179,4358,4359,797,889,100000,9,0
2180,4360,4361,798,866,20000000000,2,0
2181,4362,4363,798,968,16000000,1,0
2182,4364,4365,799,774,60000000,1,0
2183,4366,4367,799,378,400000,1,0
2184,4368,4369,801,913,10000000000,2,0
2185,4370,4371,802,189,120000000000,4,0
2186,4372,4373,802,860,12000000,6,0
2187,4374,4375,803,851,1000000000,4,0
2188,4376,4377,805,902,14000000,3,0
2189,4378,4379,809,982,2000000000,6,0
2190,4380,4381,809,955,140000,5,0
2191,4382,4383,810,877,1000000,4,0
2192,4384,4385,813,790,4000000,7,0
2193,4386,4387,814,378,2000000,8,0
2194,4388,4389,814,587,800000,2,0
2195,4390,4391,815,532,1800000000,9,0
2196,4392,4393,815,585,1200000,2,0
2197,4394,4395,820,921,1400000000,8,0
2198,4396,4397,820,976,1000000000,4,0
2199,4398,4399,825,820,40000000000,4,0
2200,4400,4401,826,531,60000,6,0
2201,4402,4403,830,623,1200000,4,0
2202,4404,4405,830,832,1200000000,3,0
2203,4406,4407,832,610,80000000000,1,0
2204,4408,4409,834,955,16000000000,9,0
2205,4410,4411,834,939,12000000,3,0
2206,4412,4413,835,893,4000000000,7,0
2207,4414,4415,836,868,400000,9,0
2208,4416,4417,837,953,1800000000,3,0
2209,4418,4419,837,873,8000000,6,0
2210,4420,4421,838,886,80000000000,9,0
2211,4422,4423,839,916,2000000,2,0
2212,4424,4425,840,740,1600000,6,0
2213,4426,4427,840,641,2000000000,3,0
2214,4428,4429,841,336,160000000000,4,0
2215,4430,4431,842,669,140000000,7,0
2216,4432,4433,843,992,1800000,6,0
2217,4434,4435,845,975,600000000,8,0
2218,4436,4437,846,364,800000,9,0
2219,4438,4439,848,753,120000000000,9,0
2220,4440,4441,848,410,16000000,1,0
2221,4442,4443,849,938,1000000000,6,0
2222,4444,4445,849,889,80000,3,0
2223,4446,4447,850,419,400000,9,0
2224,4448,4449,851,770,2000000000,6,0
2225,4450,4451,853,975,120000,8,0
2226,4452,4453,854,585,1000000,3,0
2227,4454,4455,854,323,20000000,3,0
2228,4456,4457,856,588,1800000000,4,0
2229,4458,4459,856,809,180000000000,7,0
2230,4460,4461,859,750,10000000000,2,0
2231,4462,4463,862,823,200000000000,1,1
2232,4464,4465,864,927,1600000,3,0
2233,4466,4467,864,922,2000000000,4,0
2234,4468,4469,864,637,60000000,6,0
2235,4470,4471,868,909,200000000000,7,0
2236,4472,4473,871,555,10000000,1,0
2237,4474,4475,872,945,120000,2,0
2238,4476,4477,872,627,1200000000,4,0
2239,4478,4479,874,236,200000,6,0
2240,4480,4481,875,683,180000,8,0
2241,4482,4483,878,697,200000000000,6,0
2242,4484,4485,879,856,40000000000,5,0
2243,4486,4487,879,959,200000,7,0
2244,4488,4489,880,918,140000,4,0
2245,4490,4491,881,625,12000000,8,0
2246,4492,4493,881,640,180000,2,0
2247,4494,4495,882,970,160000000,7,0
2248,4496,4497,885,110,200000000,8,0
2249,4498,4499,885,431,10000000000,3,0
2250,4500,4501,887,730,800000000,2,0
2251,4502,4503,890,97,40000,2,0
2252,4504,4505,890,670,120000000000,4,0
2253,4506,4507,894,866,800000000,4,0
2254,4508,4509,897,740,40000000,9,0
2255,4510,4511,898,985,60000,7,0
2256,4512,4513,898,761,180000,5,0
2257,4514,4515,899,670,120000,4,0
2258,4516,4517,899,985,18000000000,4,0
2259,4518,4519,899,882,160000,2,0
2260,4520,4521,899,930,100000,3,0
2261,4522,4523,900,949,200000,2,0
2262,4524,4525,904,650,2000000,3,0
2263,4526,4527,904,920,160000000,3,0
2264,4528,4529,905,904,120000000,8,1
2265,4530,4531,908,855,16000000000,1,0
2266,4532,4533,908,695,120000,1,0
2267,4534,4535,910,984,60000000000,2,0
2268,4536,4537,915,164,1800000000,3,0
2269,4538,4539,915,659,200000000,4,0
2270,4540,4541,916,823,80000000000,7,0
2271,4542,4543,917,627,200000000000,7,0
2272,4544,4545,918,867,20000000000,5,0
2273,4546,4547,918,573,200000,2,0
2274,4548,4549,919,842,200000000000,1,0
2275,4550,4551,919,938,60000000,2,0
2276,4552,4553,921,980,160000000,4,0
2277,4554,4555,921,943,4000000,9,0
2278,4556,4557,923,666,600000000,2,0
2279,4558,4559,925,836,200000000000,8,0
2280,4560,4561,926,957,140000000,3,0
2281,4562,4563,926,331,14000000000,5,0
2282,4564,4565,926,784,8000000000,1,0
2283,4566,4567,928,808,18000000,6,0
2284,4568,4569,928,874,18000000,9,0
2285,4570,4571,931,681,14000000000,9,0
2286,4572,4573,933,298,1800000000,9,0
2287,4574,4575,934,894,120000000,5,0
2288,4576,4577,938,808,1400000000,8,0
2289,4578,4579,939,898,1600000,8,0
2290,4580,4581,941,333,200000000,5,0
2291,4582,4583,941,720,160000000000,5,0
2292,4584,4585,941,161,1400000000,6,0
2293,4586,4587,942,945,160000000000,8,0
2294,4588,4589,943,838,600000,3,0
2295,4590,4591,945,523,120000000,7,0
2296,4592,4593,946,905,200000000,9,1
2297,4594,4595,946,871,8000000000,2,0
2298,4596,4597,946,831,200000000,3,0
2299,4598,4599,950,715,1000000000,7,0
2300,4600,4601,951,959,20000000000,5,0
2301,4602,4603,952,959,6000000,9,0
2302,4604,4605,953,728,800000000,6,0
2303,4606,4607,953,979,1400000,2,0
2304,4608,4609,954,770,1600000000,3,0
2305,4610,4611,955,511,40000000,6,0
2306,4612,4613,956,876,180000000,6,0
2307,4614,4615,957,976,60000,6,0
2308,4616,4617,958,671,140000000,3,0
2309,4618,4619,958,525,1200000,4,1
2310,4620,4621,959,962,800000000,7,0
2311,4622,4623,960,432,80000000,3,0
2312,4624,4625,961,618,60000000000,7,0
2313,4626,4627,963,964,800000000,4,0
2314,4628,4629,963,862,4000000,9,0
2315,4630,4631,967,645,40000000,8,0
2316,4632,4633,975,980,100000000,9,0
2317,4634,4635,975,467,40000000,2,0
2318,4636,4637,982,902,160000,3,0
2319,4638,4639,983,915,200000,6,0
2320,4640,4641,983,988,20000,8,0
2321,4642,4643,984,673,60000000000,5,0
2322,4644,4645,985,816,2000000,1,0
2323,4646,4647,986,552,2000000000,9,0
2324,4648,4649,991,674,800000,6,0
2325,4650,4651,992,662,20000000000,7,0
2326,4652,4653,997,992,18000000000,1,0
2327,4654,4655,997,899,40000000,6,0
2328,4656,4657,998,829,180000,1,0
2329,4658,4659,999,555,20000000,1,0
