ID,Sender,Receiver,Amount,Time
0,45,90,4,14
1,51,96,68,23
2,31,75,7715,23
3,95,8,488,23
4,19,63,111,33
5,66,67,802,40
6,91,33,84,42
7,70,5,3,46
8,55,59,664,54
9,30,43,6,61
10,52,31,78,75
11,98,96,9502,88
12,78,62,633,103
13,2,72,29,115
14,68,73,4,124
15,29,18,72442,151
16,47,33,2,158
17,13,28,671291,162
18,95,45,9,165
19,81,28,9,169
20,52,47,41,174
21,26,59,29,175
22,39,29,882,175
23,5,93,412855,176
24,8,60,244,184
25,2,64,1538397,184
26,53,3,4,219
27,84,35,35,227
28,23,74,639,230
29,48,49,18,231
30,71,12,735,231
31,40,33,804,233
32,8,98,585,234
33,63,72,26,243
34,49,23,969213,252
35,33,4,89,278
36,61,56,743,293
37,29,15,4320,300
38,0,74,0,312
39,4,93,7,324
40,67,28,400883,335
41,51,45,41,360
42,18,13,288,368
43,27,51,317,380
44,38,4,326,380
45,98,8,6,392
46,4,82,2,427
47,63,74,78,427
48,78,70,5,427
49,7,21,47,462
50,99,11,62,463
51,98,36,12701608,481
52,96,0,320,496
53,30,52,9640,515
54,81,57,1,528
55,18,47,5,535
56,2,30,5,539
57,2,43,95267411,549
58,7,10,2,551
59,19,21,148,560
60,48,0,66,560
61,66,37,389,584
62,59,41,41,592
63,63,81,778,594
64,53,97,424,598
65,50,38,32427489,605
66,24,17,1,605
67,48,54,72,615
68,67,34,3,616
69,19,36,1,617
70,17,66,5,632
71,12,65,603,632
72,5,10,829,638
73,57,80,9,647
74,21,36,83774319,666
75,24,77,3,667
76,79,91,8,669
77,76,2,598,669
78,16,51,392,669
79,78,42,66,677
80,11,42,6,678
81,87,15,8,695
82,90,32,844,724
83,93,14,63648,731
84,15,50,29117194,733
85,7,5,9,747
86,97,2,9381,754
87,52,20,124,754
88,82,55,2,754
89,40,99,21,766
90,42,86,6558,790
91,40,81,312,790
92,81,69,8,790
93,49,13,8,792
94,48,13,449546,797
95,79,68,6,801
96,74,30,477,816
97,4,1,4,876
98,90,31,260,882
99,33,39,99282,886
100,35,58,5939,894
101,16,41,738931,896
102,83,6,825,905
103,4,58,170,909
104,21,28,574,914
105,45,66,5,916
106,97,25,42,928
107,85,94,310,932
108,70,47,16,960
109,21,7,99,968
110,65,49,142,968
111,61,20,9434942919,989
112,74,84,0,1009
113,78,91,4,1032
114,79,56,169,1035
115,11,90,931,1035
116,99,18,0,1035
117,23,81,46,1042
118,38,91,13,1049
119,33,2,328,1070
120,64,69,2,1082
121,25,70,27744,1091
122,73,68,267387116,1102
123,55,63,9,1111
124,7,69,2,1118
125,66,6,4862955,1127
126,76,4,3,1129
127,59,66,28,1130
128,54,78,146230197,1170
129,24,14,89,1175
130,86,33,966,1190
131,52,30,46,1205
132,49,38,341,1212
133,73,11,328,1221
134,80,59,31471,1221
135,79,89,8,1230
136,62,84,89061927,1230
137,73,78,367,1238
138,60,73,2720,1240
139,64,61,3,1240
140,34,74,7,1264
141,10,63,773,1264
142,9,23,316,1272
143,73,64,2905738,1276
144,93,64,69893,1280
145,41,88,46999658,1292
146,78,64,328,1301
147,12,44,94,1306
148,22,96,767,1307
149,54,5,81,1322
150,19,54,5,1345
151,36,85,727,1350
152,71,97,84,1352
153,13,36,9776,1356
154,60,17,185,1375
155,62,83,76,1383
156,79,59,69763,1386
157,92,43,8,1388
158,64,29,909,1399
159,15,26,28,1405
160,16,59,451,1407
161,36,89,16,1449
162,15,39,114411,1453
163,90,10,7,1470
164,30,31,18548,1484
165,39,92,16541734,1486
166,98,58,8,1495
167,53,1,249,1498
168,38,0,4,1520
169,46,32,5,1543
170,17,4,725,1553
171,26,79,6,1580
172,47,48,31,1597
173,65,43,463435,1635
174,33,6,80712,1663
175,15,18,38,1689
176,39,50,1,1690
177,87,52,6,1691
178,85,59,0,1702
179,97,21,60,1713
180,74,81,937,1742
181,87,73,87,1743
182,18,49,47861189,1758
183,98,6,351,1758
184,27,63,841,1761
185,20,89,650020,1766
186,25,94,9,1770
187,11,26,31592823,1773
188,8,22,4339325,1781
189,38,91,349,1783
190,5,74,30,1794
191,71,26,10,1797
192,26,31,8,1802
193,13,57,784,1810
194,90,56,861,1837
195,10,54,33,1840
196,14,86,95,1840
197,85,9,6,1841
198,32,2,244,1849
199,30,8,2,1850
200,67,16,484656,1856
201,57,49,89,1856
202,29,7,9535085,1860
203,92,1,784,1863
204,32,73,187,1865
205,70,13,957,1887
206,2,82,66695,1889
207,51,68,94,1896
208,91,40,1497,1899
209,50,22,568,1912
210,54,11,475178,1913
211,31,26,314661,1970
212,87,4,6382764,1992
213,24,57,2,2003
214,78,44,730,2007
215,87,16,45,2008
216,28,5,81,2014
217,23,40,0,2015
218,84,74,36,2031
219,15,76,250,2035
220,94,34,668,2042
221,98,96,326,2051
222,1,34,4,2055
223,91,50,1526,2055
224,11,49,343,2059
225,76,78,39,2085
226,2,72,318,2091
227,75,8,45,2094
228,17,20,2,2103
229,39,25,468500,2112
230,47,52,818,2134
231,89,23,985466,2134
232,10,95,93701785453,2168
233,48,11,258,2176
234,96,27,94,2176
235,46,16,6,2176
236,33,52,1,2187
237,18,82,9,2206
238,76,15,301,2208
239,66,62,53,2211
240,71,51,48,2244
241,13,58,58286,2263
242,80,82,415,2271
243,24,64,346125,2273
244,92,70,974,2277
245,49,24,589,2291
246,12,52,2,2292
247,49,35,20,2298
248,24,58,87,2306
249,82,7,97,2306
250,49,51,70,2308
251,33,75,63,2308
252,7,16,4,2311
253,72,81,10,2319
254,91,40,952,2336
255,43,14,187,2348
256,35,53,712,2356
257,56,11,92,2371
258,13,31,167382,2378
259,31,98,68,2388
260,85,26,5843,2390
261,85,70,397,2402
262,5,66,1,2403
263,17,10,658,2413
264,72,7,819,2423
265,78,45,9450,2427
266,52,86,2906943,2429
267,61,37,61,2442
268,39,17,6,2454
269,26,23,8002378,2455
270,60,43,795,2461
271,84,23,68,2467
272,78,89,887157,2471
273,42,77,24,2498
274,46,60,69119,2503
275,1,97,3048,2505
276,16,8,82,2507
277,7,37,738,2525
278,80,53,8028326053,2530
279,5,39,7685,2552
280,25,41,84,2552
281,69,88,8,2555
282,61,81,735,2558
283,0,64,1613159,2568
284,27,84,548,2581
285,95,80,248,2583
286,96,70,697064,2586
287,47,89,8,2589
288,13,76,11,2601
289,90,92,32905,2626
290,56,40,988,2641
291,33,32,271569,2643
292,28,39,35503171687,2645
293,53,97,5,2671
294,47,59,108,2672
295,1,43,792,2683
296,96,95,28,2687
297,49,55,284,2700
298,60,0,903,2714
299,67,96,442,2723
300,28,64,294,2740
301,88,14,43309,2740
302,33,95,2,2745
303,66,39,68,2755
304,76,8,72131,2759
305,23,66,631,2759
306,61,24,63,2761
307,90,61,151,2765
308,62,7,66,2774
309,17,16,863,2774
310,60,91,7,2780
311,7,17,6,2784
312,80,70,15960496757,2803
313,86,57,5085415726,2805
314,21,57,5,2837
315,23,40,47,2840
316,40,46,91,2854
317,72,34,4,2860
318,5,91,72046,2864
319,68,55,66,2867
320,6,35,62895,2870
321,50,71,342,2875
322,91,76,9903,2881
323,6,66,41804592,2893
324,27,21,64315047,2896
325,60,28,2926418,2906
326,53,12,89,2914
327,23,62,28,2930
328,54,57,137,2943
329,42,62,905,2945
330,66,61,70,2955
331,32,44,37,2955
332,67,96,511,2965
333,45,65,1767371,2979
334,2,51,96,3003
335,0,82,10,3007
336,68,69,130,3008
337,10,75,84,3013
338,78,60,40,3027
339,48,54,2,3028
340,92,2,84457998,3032
341,60,2,5,3036
342,90,10,0,3036
343,95,37,0,3042
344,98,44,41,3042
345,6,81,6,3054
346,63,4,957,3058
347,43,13,540,3062
348,17,85,6,3065
349,69,63,586,3088
350,21,26,705,3089
351,88,77,1,3091
352,63,8,8590669,3093
353,23,49,2,3105
354,26,7,50,3120
355,52,47,973,3125
356,35,94,7531,3141
357,81,80,8129,3141
358,89,53,0,3142
359,92,81,44,3145
360,42,15,8,3150
361,67,93,465129,3151
362,2,94,67,3153
363,44,36,80657892650,3180
364,54,56,797,3192
365,64,35,162,3193
366,26,2,68,3221
367,33,58,811,3234
368,89,77,438,3243
369,26,35,6441365,3250
370,61,24,79,3263
371,81,68,1,3264
372,51,34,93,3279
373,56,1,46505,3283
374,1,29,795,3286
375,61,32,73,3287
376,14,10,951,3293
377,87,40,164,3303
378,62,60,4,3304
379,94,40,365,3314
380,2,14,22,3316
381,19,70,53,3325
382,11,67,8183,3328
383,44,5,801,3331
384,43,62,53,3346
385,23,64,92346,3349
386,10,39,49000,3386
387,67,40,630,3393
388,53,87,684512102,3402
389,87,60,9022910683,3403
390,29,46,852,3404
391,41,90,1,3416
392,45,69,5,3431
393,18,89,4996,3436
394,53,78,4,3439
395,27,54,6,3463
396,67,71,0,3482
397,0,74,5432655,3492
398,41,5,5,3494
399,65,94,0,3494
400,96,11,913,3523
401,92,23,37032,3548
402,1,48,944,3567
403,73,80,6114538,3578
404,6,9,8,3582
405,89,31,197,3583
406,34,67,1881,3587
407,69,3,36,3587
408,5,68,332,3597
409,82,37,3949496,3631
410,40,36,9,3631
411,24,13,829,3664
412,34,5,806,3668
413,29,87,7437447,3672
414,5,67,463,3680
415,28,48,92,3694
416,37,55,49,3697
417,93,48,540,3700
418,55,37,1,3703
419,83,10,9,3717
420,72,70,8,3745
421,19,31,5,3752
422,93,54,98,3780
423,97,3,6476,3783
424,8,10,94334,3785
425,37,60,9,3791
426,73,55,0,3792
427,84,39,12015,3793
428,69,80,84,3794
429,44,75,951,3798
430,62,87,15980,3799
431,66,62,39916,3817
432,92,13,2989335,3818
433,11,3,255,3822
434,30,86,30640,3825
435,34,62,6,3827
436,91,72,9,3833
437,82,3,13,3837
438,58,80,471,3842
439,37,67,389,3888
440,11,28,14332,3897
441,31,65,1,3901
442,97,78,93,3901
443,15,46,64,3905
444,64,44,53,3911
445,80,90,9724,3914
446,68,65,21,3934
447,68,9,876,3946
448,58,23,2,3954
449,13,2,248922778,3957
450,68,42,9,3962
451,83,62,4,3980
452,3,48,5955,3984
453,63,13,646,3998
454,22,5,89193863,4001
455,35,2,43,4009
456,31,33,19680,4035
457,40,20,18315,4044
458,81,27,6,4056
459,31,17,7,4056
460,36,31,512270412,4059
461,50,92,4,4063
462,95,69,380,4065
463,32,97,910,4068
464,39,34,5,4074
465,26,5,153,4077
466,29,98,703,4078
467,29,78,621,4081
468,88,70,25,4081
469,90,50,98146,4082
470,46,98,9841836,4096
471,55,62,762,4100
472,72,80,13374,4124
473,76,45,256,4135
474,34,91,894,4203
475,75,41,355,4209
476,93,92,382,4222
477,56,61,6,4225
478,16,64,7,4232
479,13,14,556951444,4239
480,38,84,17,4242
481,20,13,77,4244
482,66,65,3,4248
483,81,57,4,4261
484,29,2,6744763161,4263
485,26,17,2,4268
486,6,9,4,4268
487,49,37,51,4268
488,33,23,961084068,4271
489,50,84,13353958,4276
490,50,90,33103,4293
491,53,87,86,4305
492,99,30,0,4342
493,40,10,60783,4346
494,36,99,752,4351
495,42,79,435,4351
496,16,53,50850130314,4358
497,9,2,474,4369
498,64,33,303,4373
499,5,51,3619,4377
500,22,68,4,4388
501,37,75,103,4395
502,33,92,324,4403
503,36,1,772,4403
504,4,45,9,4407
505,44,35,84,4410
506,28,32,453,4431
507,11,37,6798,4436
508,66,65,0,4436
509,55,97,32,4445
510,96,9,4587,4453
511,79,99,20397,4460
512,61,63,934575029,4461
513,4,49,26,4472
514,78,42,6,4493
515,22,3,6,4509
516,82,59,5,4520
517,19,66,1,4520
518,46,32,1,4521
519,89,87,851525,4521
520,87,60,7,4524
521,20,13,104,4529
522,65,80,99163,4532
523,33,4,694,4536
524,92,64,1766,4536
525,70,56,0,4544
526,85,70,5,4544
527,74,30,198,4591
528,69,57,90559,4625
529,86,38,767792852,4628
530,10,98,2,4630
531,75,6,0,4639
532,61,94,52361,4647
533,50,37,598,4661
534,6,31,7,4679
535,12,36,807,4687
536,18,95,5,4690
537,10,72,0,4696
538,20,93,42,4700
539,43,2,45865,4742
540,55,62,3,4747
541,40,61,3,4747
542,1,44,4,4750
543,51,29,37292454857,4757
544,1,59,731,4765
545,11,17,39,4782
546,31,4,0,4783
547,76,44,441,4786
548,97,74,7544414,4789
549,76,83,329,4802
550,64,72,92,4808
551,84,55,86484,4813
552,41,23,8400633,4823
553,59,11,2434,4830
554,78,88,27,4851
555,11,90,265316203,4873
556,41,55,315762,4890
557,42,40,959,4902
558,0,12,689,4905
559,68,65,9061460,4909
560,49,91,85154884890,4916
561,89,18,247219,4919
562,93,99,488165,4922
563,21,9,73,4956
564,47,36,2627465,4976
565,46,55,5,4990
566,80,22,98,5028
567,83,49,80,5035
568,35,7,4,5045
569,49,50,901,5047
570,42,44,8,5049
571,83,67,9,5090
572,26,87,434,5097
573,79,2,777,5108
574,32,47,6547,5111
575,30,9,2416313,5118
576,28,37,70,5156
577,65,1,38773950,5178
578,69,26,621,5178
579,29,83,90,5179
580,24,87,567,5181
581,29,78,351,5184
582,30,77,469,5200
583,91,83,20,5207
584,87,15,57,5231
585,79,52,61139,5232
586,79,47,0,5239
587,23,22,54,5239
588,32,31,73,5245
589,25,72,313,5247
590,89,28,4523,5249
591,8,82,20,5249
592,16,69,569,5257
593,77,87,52,5270
594,75,68,188,5282
595,98,67,27,5291
596,95,53,117696010,5305
597,7,18,0,5343
598,42,20,25,5350
599,97,9,61402,5350
600,21,43,4,5352
601,99,81,672,5361
602,15,70,77092952,5375
603,82,43,7494353193,5389
604,40,53,7,5392
605,64,30,9,5397
606,61,93,928,5398
607,55,6,4051,5424
608,84,93,141,5434
609,87,34,6,5445
610,22,97,5717041,5505
611,77,41,2,5509
612,82,2,8,5511
613,54,4,950,5529
614,30,24,707,5529
615,56,95,855,5547
616,92,86,714,5550
617,3,83,99686,5559
618,60,82,31649115,5559
619,68,62,451826,5570
620,99,76,5672,5583
621,33,92,648,5588
622,33,79,33,5590
623,73,2,383615938,5590
624,74,47,5863136,5599
625,42,77,0,5601
626,96,97,10,5613
627,2,48,1,5614
628,52,12,703534,5628
629,72,64,680,5661
630,63,95,5,5680
631,80,13,53,5686
632,22,53,8,5713
633,99,20,1,5720
634,15,19,36351092,5721
635,67,45,91558,5746
636,1,0,95,5749
637,49,75,52702751,5761
638,4,54,989,5765
639,76,28,8535239705,5788
640,37,42,13,5789
641,33,40,142,5841
642,10,13,961,5846
643,58,56,3,5858
644,25,62,72,5860
645,18,8,433954362,5872
646,12,7,6,5884
647,4,73,8,5902
648,94,71,93,5902
649,42,75,983,5939
650,40,95,7,5949
651,32,36,129,5970
652,61,76,9673625,5977
653,65,34,9,5988
654,13,1,226,5989
655,92,50,662,5997
656,71,77,933342,6000
657,41,8,1,6010
658,46,7,578,6011
659,34,27,2,6026
660,86,30,510,6026
661,90,78,48,6043
662,61,65,3,6048
663,35,72,6,6052
664,60,36,85438,6057
665,81,85,5,6070
666,55,93,796,6084
667,35,15,542,6092
668,98,92,8,6097
669,55,2,9,6098
670,19,91,153,6104
671,61,80,526,6117
672,36,19,497,6129
673,34,11,15,6140
674,35,47,335904530,6148
675,96,56,11610,6150
676,32,97,529,6155
677,74,12,923,6168
678,89,47,47,6169
679,32,34,1,6172
680,13,34,90659,6172
681,77,11,5406,6208
682,81,33,30,6212
683,84,92,3,6223
684,72,12,0,6228
685,57,26,633,6228
686,57,33,17,6230
687,23,31,4,6271
688,31,35,20982,6275
689,72,30,147,6278
690,58,28,562,6280
691,62,25,708,6286
692,85,18,153,6295
693,86,37,6,6301
694,40,79,779,6302
695,27,87,295621016,6330
696,55,56,493,6360
697,87,36,6912108433,6365
698,14,69,68,6367
699,74,22,86,6372
700,77,12,5,6372
701,41,38,4899795153,6377
702,60,33,949,6377
703,36,1,553,6380
704,44,74,8,6381
705,51,53,307,6385
706,82,28,63,6402
707,79,33,0,6408
708,4,39,5644073,6408
709,31,38,46039724303,6419
710,58,4,8,6431
711,35,88,88,6480
712,87,38,6076,6484
713,17,33,773,6509
714,30,67,60,6525
715,64,13,1,6525
716,83,42,87,6528
717,1,93,906,6560
718,53,46,881,6589
719,43,35,44946867,6591
720,12,78,665,6595
721,4,12,64,6609
722,99,34,93575550,6614
723,70,98,6,6622
724,60,12,908045,6636
725,15,87,0,6640
726,1,88,63,6641
727,43,32,5641,6648
728,66,80,950,6656
729,21,76,664,6665
730,5,78,6,6675
731,0,51,38,6678
732,31,70,13,6709
733,67,31,47,6712
734,32,80,70287,6712
735,44,76,3820,6719
736,74,49,7,6719
737,32,50,53,6726
738,11,21,842,6726
739,76,3,97,6729
740,90,94,96,6734
741,89,79,6,6738
742,1,15,400169,6755
743,45,97,4180928,6759
744,85,88,3735,6766
745,8,52,27,6777
746,76,80,331,6788
747,88,0,18,6790
748,63,72,2,6793
749,29,91,86,6793
750,84,28,7,6796
751,67,65,45937,6809
752,72,70,0,6822
753,20,43,872,6840
754,11,75,361,6851
755,80,59,49,6873
756,13,30,89,6882
757,16,13,4,6888
758,59,56,15783000597,6892
759,41,6,21,6929
760,99,65,78712199,6942
761,49,30,741,6950
762,83,24,365,6989
763,70,85,6,6990
764,3,89,179,6993
765,56,37,615,7006
766,2,15,701,7012
767,59,87,1541,7020
768,62,22,592,7022
769,61,62,81688508,7026
770,80,49,23,7027
771,57,93,314,7054
772,89,57,615,7059
773,20,12,51,7064
774,70,68,86,7066
775,21,10,66,7074
776,85,14,371,7095
777,10,98,9,7115
778,40,0,93939,7115
779,69,60,64,7119
780,33,47,590,7129
781,8,57,59390137,7148
782,55,61,72562,7159
783,50,65,36,7159
784,62,69,7,7161
785,38,44,115,7169
786,14,36,35,7209
787,84,85,36,7243
788,80,66,8,7247
789,10,42,9,7262
790,37,89,608,7263
791,81,51,8,7266
792,43,35,7969,7292
793,77,82,4,7293
794,81,26,47,7304
795,91,92,9,7316
796,78,48,7,7316
797,1,59,1,7318
798,10,62,70680495072,7328
799,93,52,47109,7346
800,82,52,3,7362
801,3,98,59268929,7374
802,23,64,6,7393
803,73,66,665,7408
804,29,61,17,7427
805,13,43,2,7437
806,53,7,43126,7463
807,65,51,5212640,7475
808,14,88,90,7487
809,53,62,9140508,7524
810,94,24,643,7541
811,86,73,9,7542
812,93,85,6,7547
813,81,8,2153373,7547
814,9,98,53,7559
815,24,76,5,7561
816,40,99,43,7566
817,83,3,44,7567
818,58,87,84476,7573
819,97,55,8,7573
820,51,74,30,7581
821,77,97,9608624,7585
822,23,91,335,7588
823,24,93,553,7598
824,63,39,72,7602
825,43,95,223,7614
826,83,60,85507,7621
827,96,22,605,7621
828,46,24,32137,7635
829,35,23,7,7637
830,14,7,37,7641
831,12,14,322107,7642
832,71,39,1862107,7652
833,88,65,0,7652
834,4,27,8619,7668
835,29,42,52,7683
836,60,97,5,7690
837,67,56,2,7691
838,59,30,698,7702
839,94,38,854,7776
840,68,67,6,7799
841,24,66,1491,7821
842,20,56,50,7824
843,2,86,7960143126,7832
844,68,89,4949421,7844
845,55,31,50,7858
846,70,19,54,7860
847,95,60,11269,7860
848,84,60,5,7893
849,58,7,98,7903
850,70,41,4,7917
851,97,7,14080468,7920
852,69,62,9256903,7922
853,64,12,96,7932
854,58,24,67,7938
855,4,74,509,7938
856,15,44,3,7944
857,62,52,58,7944
858,54,23,49,7948
859,34,0,1,7980
860,7,13,86,7986
861,93,58,994,8016
862,37,15,21988,8019
863,58,20,3,8021
864,60,15,8,8023
865,25,65,0,8029
866,34,96,41,8033
867,81,7,451,8035
868,53,91,7634,8047
869,80,6,2,8050
870,80,98,6,8056
871,23,78,84,8068
872,93,36,867,8069
873,70,38,28,8069
874,14,93,76,8071
875,56,75,4,8083
876,26,84,45,8085
877,12,6,8,8094
878,94,50,42,8112
879,57,46,76,8132
880,56,17,54,8139
881,14,62,13,8143
882,54,56,678,8146
883,88,65,378932016,8148
884,64,30,0,8156
885,31,87,67,8162
886,35,66,4,8171
887,85,46,28904338,8182
888,83,21,856,8215
889,1,74,12,8217
890,36,52,977,8228
891,5,54,831708,8229
892,45,36,6,8238
893,96,20,75667838,8238
894,27,63,14252,8270
895,34,26,6060498,8273
896,6,85,86,8291
897,44,23,589,8307
898,31,98,930,8323
899,97,56,1,8348
900,78,20,9,8348
901,29,65,82,8352
902,32,36,499,8359
903,86,58,8,8368
904,27,88,6968900472,8375
905,97,75,26159486,8394
906,8,25,6,8394
907,24,18,603,8406
908,96,20,613481851,8425
909,66,73,76,8426
910,77,37,658995720,8438
911,34,87,13,8445
912,97,6,597397,8450
913,83,71,3,8462
914,25,75,876,8466
915,88,7,23055,8476
916,5,99,811,8477
917,84,70,69,8480
918,18,0,44,8488
919,18,37,345,8518
920,94,97,615,8528
921,2,42,2,8533
922,18,22,8627,8535
923,6,97,87243,8543
924,2,76,1577,8546
925,0,97,88040123,8555
926,77,68,55,8555
927,13,99,336,8572
928,33,71,954,8588
929,16,86,73,8592
930,53,89,84053475619,8593
931,46,73,6,8594
932,87,49,710,8599
933,90,68,83,8615
934,98,56,5,8660
935,77,18,2372,8666
936,0,22,50,8695
937,30,47,606367,8697
938,28,69,528,8701
939,83,86,26,8711
940,13,73,0,8721
941,13,48,1,8729
942,99,29,700,8732
943,35,80,55,8732
944,91,85,176,8735
945,12,11,92,8739
946,33,31,429,8748
947,78,30,8,8763
948,56,50,40414,8764
949,23,79,143,8791
950,2,30,212,8798
951,7,53,99,8813
952,46,97,88,8819
953,89,22,7,8819
954,86,37,65,8826
955,84,0,17,8844
956,23,46,160,8847
957,22,86,2256,8849
958,83,86,7366,8863
959,80,56,667,8870
960,86,55,50,8910
961,18,67,935,8916
962,37,52,8216,8918
963,87,63,105,8929
964,72,13,514,8931
965,42,87,1275,8938
966,56,62,3,8965
967,42,12,887,8973
968,88,55,35,8973
969,26,65,2,8987
970,22,97,47,8987
971,2,19,346,8994
972,57,93,4,8997
973,21,15,31758,8999
974,44,34,66,9007
975,97,34,7,9024
976,33,83,73092,9025
977,87,45,1376371115,9044
978,69,41,813,9046
979,41,40,198,9053
980,79,64,44,9101
981,82,25,847,9118
982,37,57,91,9120
983,68,34,566,9124
984,62,82,4,9126
985,29,83,6783,9129
986,22,83,9,9143
987,13,90,35,9154
988,68,52,83014,9164
989,61,74,20,9171
990,60,33,86,9175
991,2,76,850691,9194
992,83,2,209,9205
993,20,96,6889167877,9206
994,70,33,24,9209
995,84,34,609,9219
996,96,27,27101,9223
997,31,10,3,9236
998,77,51,56,9237
999,38,39,83,9239
1000,83,12,850,9243
1001,72,70,556995,9245
1002,48,14,461,9247
1003,61,14,279,9269
1004,79,23,554,9275
1005,83,30,89,9280
1006,23,7,47,9283
1007,99,96,334727,9302
1008,32,59,3492,9302
1009,24,29,6967506,9313
1010,22,14,8,9323
1011,67,79,40,9325
1012,98,70,9,9328
1013,2,26,71,9336
1014,95,53,8,9341
1015,75,34,9,9342
1016,31,40,98348832,9342
1017,65,56,4238,9367
1018,69,94,390,9382
1019,17,83,885827426,9386
1020,55,27,658115,9388
1021,26,82,854,9390
1022,69,41,6528,9390
1023,83,22,930,9423
1024,72,26,73047,9425
1025,45,3,740,9433
1026,81,32,3,9442
1027,79,35,556,9443
1028,75,82,14,9457
1029,54,56,41,9466
1030,63,31,5728,9477
1031,1,57,237,9489
1032,14,28,56177069782,9505
1033,25,38,45838,9509
1034,54,28,3670,9525
1035,75,38,9,9533
1036,41,35,131,9542
1037,28,1,9,9546
1038,27,30,6635123938,9571
1039,46,7,49456689,9572
1040,69,64,73249,9574
1041,7,69,55948911,9580
1042,46,8,386,9591
1043,23,95,83,9592
1044,78,71,35,9608
1045,30,28,6,9621
1046,10,38,5,9622
1047,54,41,11,9634
1048,67,51,580,9636
1049,98,60,45,9637
1050,20,3,2,9651
1051,6,27,77323,9660
1052,39,47,5,9667
1053,34,69,708,9672
1054,36,34,56,9672
1055,29,24,234,9683
1056,41,19,223,9693
1057,59,1,19326,9712
1058,80,7,83130585,9729
1059,66,95,669,9746
1060,81,30,54794,9768
1061,42,11,520,9768
1062,11,55,20,9775
1063,94,84,389,9778
1064,6,40,7,9778
1065,36,17,3,9787
1066,78,49,1925198,9795
1067,16,78,6,9810
1068,90,49,0,9814
1069,30,77,9,9831
1070,32,21,758,9837
1071,60,34,967,9849
1072,10,83,59,9856
1073,63,95,2,9870
1074,62,68,0,9878
1075,65,30,155,9897
1076,32,20,25,9910
1077,35,15,645,9916
1078,88,49,480,9926
1079,63,33,792,9936
1080,40,38,1290,9955
1081,94,98,32,9994
1082,94,46,0,10050
1083,76,64,1,10060
1084,37,51,12293,10068
1085,38,80,8,10073
1086,89,3,62276,10078
1087,78,42,684,10078
1088,64,47,0,10080
1089,85,88,5867,10082
1090,9,66,74,10086
1091,2,68,9,10087
1092,63,69,311,10089
1093,42,45,410,10123
1094,32,48,79013,10129
1095,71,79,237,10129
1096,72,44,534,10133
1097,60,98,90650566434,10172
1098,62,41,280,10175
1099,36,41,549,10176
1100,61,20,517,10188
1101,26,25,85485,10189
1102,35,64,31,10226
1103,17,45,81,10242
1104,65,63,46860146056,10255
1105,73,18,91,10257
1106,40,48,47,10261
1107,73,77,73,10294
1108,69,70,3,10294
1109,36,26,0,10309
1110,16,37,8,10327
1111,68,56,4810,10328
1112,15,14,2,10330
1113,58,19,1,10330
1114,41,29,87,10334
1115,20,56,20,10347
1116,12,19,16,10355
1117,49,86,8246981732,10372
1118,87,5,144846,10373
1119,39,59,752,10388
1120,21,19,56692025950,10399
1121,90,88,23,10415
1122,98,47,40,10416
1123,43,39,470,10416
1124,73,17,29042115272,10421
1125,81,83,3345754,10421
1126,76,72,658,10444
1127,18,49,471460842,10445
1128,54,28,7,10447
1129,4,80,81,10452
1130,18,1,6,10452
1131,57,62,1,10452
1132,39,43,254,10460
1133,30,20,241694,10463
1134,87,21,79,10511
1135,7,14,9091176721,10519
1136,74,46,1,10541
1137,55,85,414,10542
1138,52,40,1727505852,10604
1139,14,85,572,10606
1140,63,64,880,10610
1141,80,94,6,10612
1142,95,82,24500026,10619
1143,2,26,288,10619
1144,88,40,996717,10631
1145,2,67,8,10639
1146,93,56,637,10642
1147,24,93,3,10649
1148,57,77,54568846,10669
1149,97,51,82,10674
1150,89,30,8437,10681
1151,57,40,927872,10682
1152,28,86,299,10684
1153,74,89,58,10687
1154,83,1,611,10694
1155,50,85,3,10704
1156,25,69,9,10708
1157,62,87,866,10716
1158,77,89,32,10724
1159,98,60,6,10743
1160,47,83,99,10747
1161,24,81,73,10748
1162,94,51,658843,10762
1163,50,66,628982861,10764
1164,8,71,689,10775
1165,99,22,68413,10794
1166,72,35,46883,10799
1167,93,73,624,10835
1168,34,85,3599270,10835
1169,46,41,5,10841
1170,94,39,126,10843
1171,82,92,769,10850
1172,27,54,472,10861
1173,22,96,98,10876
1174,91,65,95342,10888
1175,66,64,870438,10892
1176,69,40,7087979,10896
1177,21,30,978,10898
1178,63,36,2,10898
1179,81,66,748900,10906
1180,52,6,619,10925
1181,3,28,91,10934
1182,94,63,2,10944
1183,74,5,61284,10944
1184,16,15,631,10969
1185,73,47,7604481745,10969
1186,94,62,944,10972
1187,70,59,54,10987
1188,51,80,13,10987
1189,21,81,112,10993
1190,39,9,552,10993
1191,95,77,260,11008
1192,23,98,8,11012
1193,17,12,5,11024
1194,76,42,7,11034
1195,32,54,47,11054
1196,52,58,45585,11055
1197,93,42,41,11067
1198,79,32,755,11085
1199,75,0,64,11111
1200,34,27,636,11147
1201,22,37,7,11158
1202,61,48,62073,11162
1203,83,63,92,11194
1204,7,70,5520,11199
1205,18,38,175080096,11200
1206,48,65,572997085,11201
1207,37,93,7141,11206
1208,41,50,4,11213
1209,85,1,329449,11217
1210,85,63,0,11224
1211,51,44,2,11240
1212,8,34,62,11260
1213,9,90,3,11268
1214,66,72,44,11268
1215,33,34,9775992,11275
1216,77,21,935,11275
1217,51,43,87,11277
1218,62,54,7594,11297
1219,75,73,8502149,11297
1220,64,86,55,11312
1221,59,94,1,11322
1222,15,84,1265,11327
1223,73,77,93,11327
1224,1,85,354,11327
1225,31,9,9285668,11329
1226,98,40,638,11337
1227,28,33,9553316261,11339
1228,62,53,6041,11341
1229,81,23,424518678,11343
1230,41,53,526,11344
1231,74,19,4608,11349
1232,85,95,86,11354
1233,50,17,62,11355
1234,56,67,42,11358
1235,13,23,114,11363
1236,72,75,1,11367
1237,87,79,78,11369
1238,11,16,0,11385
1239,16,50,284,11393
1240,84,4,16718,11402
1241,28,0,434351,11410
1242,12,25,6169110,11416
1243,42,43,584,11419
1244,41,3,747,11419
1245,21,73,95,11431
1246,73,50,1492581553,11432
1247,5,2,0,11438
1248,91,65,72992,11438
1249,99,52,324,11438
1250,13,55,844,11493
1251,2,56,6,11493
1252,23,79,5,11508
1253,54,75,5500919,11516
1254,99,98,3613497184,11549
1255,96,87,8,11552
1256,63,26,530,11581
1257,40,30,7,11591
1258,44,98,737242,11601
1259,3,26,6775220918,11611
1260,82,38,9,11614
1261,87,28,2,11615
1262,77,66,0,11637
1263,75,31,38251525745,11639
1264,13,14,1,11640
1265,40,94,99,11640
1266,4,27,59,11640
1267,74,83,97,11654
1268,63,8,43,11658
1269,85,3,3,11658
1270,34,22,91,11663
1271,99,57,6,11667
1272,59,18,6,11675
1273,0,68,78,11679
1274,10,49,9,11682
1275,59,93,8,11698
1276,38,80,377,11708
1277,7,84,5532,11716
1278,51,26,93,11716
1279,94,32,5,11721
1280,65,53,8,11728
1281,74,47,89,11759
1282,37,49,842,11773
1283,87,88,492,11787
1284,66,71,819,11791
1285,64,1,9,11804
1286,77,16,0,11805
1287,0,76,550,11806
1288,37,3,58,11824
1289,65,40,524,11829
1290,97,30,661,11842
1291,43,10,734,11846
1292,84,35,69,11879
1293,62,55,26140152,11879
1294,88,61,82176,11888
1295,88,26,708,11927
1296,16,88,94088,11927
1297,24,65,1725,11953
1298,49,43,45,11959
1299,65,52,1,11977
1300,8,67,2,11986
1301,63,26,74,11991
1302,37,22,228290,11993
1303,85,4,830,12001
1304,49,46,3,12002
1305,40,69,8,12016
1306,61,75,99,12025
1307,90,30,5,12035
1308,91,40,255,12036
1309,10,42,535,12039
1310,40,12,82764,12043
1311,11,40,275,12049
1312,29,99,700,12063
1313,96,10,5,12066
1314,9,54,586,12068
1315,21,18,352,12073
1316,19,73,0,12086
1317,82,14,281,12097
1318,84,35,876400,12101
1319,40,22,56058,12119
1320,40,62,66,12136
1321,56,47,9956179622,12147
1322,72,78,19899,12155
1323,5,4,97,12164
1324,61,41,323,12166
1325,76,43,8,12212
1326,83,96,3,12214
1327,74,58,417,12218
1328,5,46,68,12245
1329,27,72,972,12247
1330,29,26,8,12249
1331,69,58,443,12264
1332,6,2,438438,12266
1333,7,84,0,12270
1334,49,79,2646801,12276
1335,56,24,5,12297
1336,53,49,28,12310
1337,20,94,2,12317
1338,69,75,50295,12332
1339,23,6,7081,12334
1340,91,78,875,12350
1341,57,91,74329,12350
1342,79,70,414,12355
1343,74,69,4346,12369
1344,59,99,60,12399
1345,84,0,469164509,12406
1346,26,78,9,12407
1347,51,93,15,12409
1348,84,61,8,12409
1349,15,71,980,12428
1350,39,60,744044,12433
1351,42,8,110240636,12436
1352,45,37,7211,12452
1353,75,50,417,12474
1354,93,16,8,12524
1355,82,3,9,12527
1356,8,33,455,12530
1357,27,59,210,12530
1358,71,17,51,12536
1359,59,68,83,12539
1360,34,52,78918,12551
1361,60,34,553,12557
1362,81,32,830,12557
1363,50,98,430,12561
1364,42,91,864,12561
1365,92,88,51912168,12566
1366,1,92,452787,12574
1367,45,22,2,12608
1368,49,91,608,12611
1369,63,1,713,12611
1370,42,96,116,12613
1371,15,49,4,12619
1372,92,96,62,12629
1373,83,44,9208479,12651
1374,34,28,5,12665
1375,10,84,92,12674
1376,56,94,369,12686
1377,93,0,10,12688
1378,77,20,79,12702
1379,62,77,4,12711
1380,70,23,30470491433,12715
1381,99,45,776,12718
1382,11,79,144,12727
1383,65,89,428,12734
1384,14,45,311,12742
1385,69,75,1,12755
1386,19,4,1325005,12762
1387,73,47,1819,12766
1388,34,3,46,12766
1389,61,94,89,12771
1390,39,61,59,12773
1391,70,95,32684686,12827
1392,37,25,5733,12828
1393,99,94,26627,12848
1394,12,19,502,12861
1395,65,35,5,12873
1396,7,74,713,12883
1397,23,79,5,12884
1398,51,80,1671,12887
1399,89,90,19,12899
1400,19,10,565063653,12900
1401,97,99,5,12902
1402,25,54,39,12905
1403,30,95,8531,12909
1404,19,9,281,12910
1405,27,57,7215666493,12917
1406,9,70,422,12921
1407,42,62,118,12921
1408,18,74,0,12925
1409,97,49,6,12940
1410,56,68,534,12957
1411,79,63,165,12958
1412,54,44,515859,12958
1413,77,27,41,12964
1414,25,3,980159324,12974
1415,86,17,600,12976
1416,71,11,46,12981
1417,10,62,27,12996
1418,39,84,370,13009
1419,81,2,84,13018
1420,7,11,67396,13023
1421,9,38,941,13034
1422,86,11,763559,13045
1423,44,38,9497,13050
1424,1,58,912,13057
1425,95,45,2,13073
1426,81,40,316,13089
1427,38,6,17078,13091
1428,60,65,5284,13121
1429,65,36,762,13141
1430,72,30,14,13166
1431,81,52,4,13169
1432,81,26,9294,13172
1433,29,30,7,13176
1434,72,66,8,13184
1435,66,89,41,13235
1436,4,82,768,13237
1437,55,11,8,13237
1438,21,12,1,13242
1439,71,85,745,13244
1440,10,69,1,13253
1441,43,37,36457690107,13262
1442,0,92,230413,13272
1443,60,62,253,13285
1444,52,97,770877,13294
1445,56,11,39112040912,13295
1446,16,99,9,13311
1447,84,3,6,13320
1448,94,90,46,13345
1449,13,1,66,13358
1450,60,14,82,13386
1451,73,4,37506,13388
1452,69,23,7596,13424
1453,76,63,9457655,13429
1454,51,3,39,13435
1455,89,61,474,13443
1456,67,52,0,13446
1457,65,62,71078,13449
1458,2,67,0,13449
1459,88,49,4,13452
1460,96,7,502,13482
1461,69,70,41175649291,13482
1462,58,5,704,13496
1463,7,30,8,13496
1464,24,30,462,13503
1465,44,54,486,13527
1466,3,82,32688774,13533
1467,7,45,591,13538
1468,62,29,291,13545
1469,3,69,7,13554
1470,33,34,77,13575
1471,17,57,61550,13586
1472,83,1,448,13618
1473,99,71,991,13624
1474,59,41,566,13625
1475,62,28,710,13637
1476,81,80,1497,13638
1477,40,34,3,13641
1478,34,2,3843,13645
1479,75,78,275156,13659
1480,35,83,233,13675
1481,20,6,9,13690
1482,68,92,6,13705
1483,88,5,9048663,13737
1484,90,46,463,13739
1485,67,23,78,13739
1486,81,75,28864617,13758
1487,69,16,1412,13770
1488,74,35,330,13781
1489,57,25,412,13781
1490,30,46,24636690807,13781
1491,59,63,686,13781
1492,20,12,19370,13790
1493,52,36,275,13792
1494,85,68,81763,13834
1495,51,37,7,13844
1496,85,33,88,13881
1497,94,19,5,13883
1498,24,97,71,13886
1499,30,44,113,13888
1500,55,50,18,13904
1501,16,70,700302,13910
1502,79,71,0,13927
1503,49,35,58200160670,13929
1504,37,86,8,13939
1505,60,5,21,13942
1506,36,0,3,13945
1507,7,75,73,13953
1508,21,70,94839143,13955
1509,53,90,803953743,13961
1510,85,94,75,13972
1511,31,32,33,13978
1512,16,3,569,13978
1513,52,92,6,13984
1514,9,97,0,14001
1515,61,51,10185157,14010
1516,87,61,95,14020
1517,75,51,0,14022
1518,86,3,2051,14029
1519,65,31,459,14030
1520,15,92,569,14030
1521,75,68,7647,14030
1522,46,29,10952424,14034
1523,23,54,377,14039
1524,15,79,7,14051
1525,45,63,6,14058
1526,60,57,41,14061
1527,21,58,534,14071
1528,9,87,576735,14077
1529,79,83,883969,14078
1530,33,64,946,14092
1531,43,84,8395,14095
1532,18,39,75235,14096
1533,61,28,2,14099
1534,96,30,5,14102
1535,2,29,3,14127
1536,64,3,388,14141
1537,48,50,338,14141
1538,93,41,29,14155
1539,22,86,39005,14190
1540,81,9,91168,14202
1541,33,78,2658,14205
1542,52,21,561,14206
1543,59,88,565,14210
1544,39,90,918,14225
1545,72,80,508,14234
1546,11,52,47,14246
1547,77,95,393,14255
1548,77,79,495,14276
1549,82,9,3,14281
1550,98,73,4779874,14285
1551,36,76,8607,14300
1552,75,62,754118,14304
1553,68,26,642,14305
1554,5,87,713,14305
1555,78,27,510,14308
1556,38,70,2,14312
1557,0,32,70697,14320
1558,58,95,4,14320
1559,3,31,1,14334
1560,22,86,97,14335
1561,35,19,1,14357
1562,6,26,202,14362
1563,71,48,72,14378
1564,13,60,70,14382
1565,54,0,99,14387
1566,66,38,9,14416
1567,18,43,5225,14417
1568,79,53,765473347,14420
1569,52,91,443,14422
1570,55,24,730,14446
1571,61,22,211,14448
1572,80,0,0,14450
1573,26,51,835128,14477
1574,19,46,294,14480
1575,61,30,8301,14481
1576,46,58,4,14487
1577,94,2,7,14487
1578,89,77,940,14508
1579,43,91,540,14522
1580,31,81,86179357,14526
1581,22,82,192963,14533
1582,55,42,4,14547
1583,89,42,5,14566
1584,2,61,20,14576
1585,48,59,31290887,14585
1586,21,96,139486,14590
1587,12,48,9076568,14607
1588,16,63,8233041,14613
1589,82,19,2258925,14623
1590,86,2,0,14639
1591,80,88,0,14639
1592,19,48,2,14657
1593,87,69,94,14669
1594,2,63,537,14669
1595,30,16,93393,14672
1596,96,69,20,14680
1597,10,82,7,14682
1598,61,68,842260971,14684
1599,71,65,5,14717
1600,48,41,27,14721
1601,9,59,33,14723
1602,83,87,506,14735
1603,57,49,9,14751
1604,48,57,9,14751
1605,57,5,472,14783
1606,23,74,562,14789
1607,91,81,7360,14794
1608,72,5,681,14794
1609,88,54,507,14797
1610,62,37,8,14805
1611,16,89,366036,14817
1612,58,84,719,14822
1613,32,69,325,14822
1614,2,37,44104,14842
1615,32,6,146,14849
1616,53,76,107330,14849
1617,3,0,4,14852
1618,79,80,192,14852
1619,23,24,5,14854
1620,55,61,18,14856
1621,62,85,72,14856
1622,28,27,8,14861
1623,99,48,983,14901
1624,84,81,9,14903
1625,41,7,60965,14918
1626,92,45,95,14944
1627,6,81,377,14950
1628,84,6,7,14953
1629,36,46,626,14955
1630,71,21,271,14978
1631,47,66,8,15002
1632,43,49,70,15017
1633,1,96,1,15018
1634,0,52,9,15040
1635,99,40,928,15040
1636,39,96,914,15041
1637,50,34,6,15041
1638,82,28,7852,15042
1639,77,38,7,15058
1640,79,11,98,15140
1641,69,88,12671304,15140
1642,98,78,7,15150
1643,69,18,51,15185
1644,3,47,6,15189
1645,63,25,215,15199
1646,83,93,87185,15203
1647,75,29,846,15205
1648,66,47,162,15212
1649,19,2,1,15219
1650,55,10,8063990,15224
1651,52,9,49,15226
1652,47,87,42,15228
1653,50,37,4397,15281
1654,23,87,2420774,15307
1655,50,20,367,15321
1656,7,53,652168,15329
1657,83,39,368,15354
1658,19,29,1361,15355
1659,7,92,1,15356
1660,14,76,6,15371
1661,92,75,79,15385
1662,68,36,59,15391
1663,55,76,8190,15398
1664,36,18,0,15414
1665,24,50,348,15419
1666,27,62,4426060,15427
1667,98,60,8,15434
1668,3,31,24,15449
1669,77,44,65816,15450
1670,92,27,5,15457
1671,82,36,81,15464
1672,83,89,39,15466
1673,6,13,2595,15469
1674,20,35,2,15472
1675,76,34,4,15482
1676,7,85,45,15489
1677,2,89,602288,15496
1678,45,81,8,15501
1679,14,45,3,15522
1680,6,44,1,15526
1681,93,98,10,15535
1682,49,6,1,15538
1683,85,89,581,15553
1684,44,81,1731807,15557
1685,21,72,85940,15563
1686,32,91,4,15564
1687,28,53,929,15572
1688,43,89,1,15577
1689,14,67,8,15594
1690,34,6,816,15601
1691,9,33,5,15616
1692,40,37,299,15625
1693,21,32,6,15629
1694,92,12,291,15629
1695,31,80,210,15678
1696,96,13,9,15681
1697,60,9,496,15681
1698,31,50,4,15685
1699,82,40,5,15700
1700,64,31,326209767,15701
1701,21,38,23,15701
1702,78,36,75284496,15731
1703,3,0,0,15743
1704,29,36,7,15746
1705,59,5,543339,15746
1706,72,64,492,15771
1707,83,92,265,15773
1708,22,67,65581736,15787
1709,85,2,3,15794
1710,89,28,9788,15795
1711,34,62,6861307,15795
1712,36,18,51,15810
1713,41,74,9362,15824
1714,85,63,928,15824
1715,46,6,61570400,15831
1716,20,97,9,15833
1717,16,57,422,15850
1718,73,21,7,15850
1719,28,13,451502,15854
1720,56,11,436,15864
1721,15,81,3,15868
1722,19,94,294,15868
1723,15,13,5,15896
1724,1,7,524,15917
1725,38,40,4,15935
1726,34,70,3887191,15955
1727,95,69,2274,15962
1728,14,37,9,15985
1729,81,94,74,15999
1730,24,89,3,16006
1731,88,17,52600207,16011
1732,46,45,34,16013
1733,12,82,948,16023
1734,48,95,83,16024
1735,22,2,3,16035
1736,25,75,441,16038
1737,68,46,98,16039
1738,55,95,681,16062
1739,86,37,878,16101
1740,24,67,8,16102
1741,81,66,780,16111
1742,1,3,496,16128
1743,95,37,23,16130
1744,76,61,724,16133
1745,80,48,963,16139
1746,16,7,9,16140
1747,69,4,14304066,16147
1748,58,31,2,16151
1749,44,6,45,16157
1750,8,17,9,16161
1751,62,37,5,16162
1752,52,54,358,16162
1753,64,85,3045976,16165
1754,2,23,7,16166
1755,91,73,109,16170
1756,1,74,957,16173
1757,26,97,127,16186
1758,9,73,989,16196
1759,23,88,950,16197
1760,68,61,92,16202
1761,20,19,95,16211
1762,81,79,2,16212
1763,27,46,6,16227
1764,85,46,4,16227
1765,14,85,55779,16232
1766,14,42,359362,16239
1767,52,89,7314,16256
1768,80,74,0,16257
1769,81,25,579,16264
1770,21,64,26079734,16265
1771,11,38,25330,16295
1772,76,4,4,16298
1773,12,33,88,16316
1774,30,87,19,16322
1775,62,66,356,16333
1776,66,13,8708399075,16333
1777,83,3,9050,16339
1778,80,97,3,16364
1779,23,24,89979,16371
1780,83,43,723,16377
1781,60,57,52,16397
1782,19,64,62,16409
1783,7,22,8,16414
1784,68,89,7,16414
1785,25,61,6629888,16419
1786,49,70,96,16420
1787,55,12,8,16431
1788,13,71,3,16431
1789,35,67,7,16446
1790,54,13,8121,16463
1791,65,64,8,16464
1792,44,56,1,16478
1793,86,10,30,16489
1794,75,83,4137082,16500
1795,55,29,17,16505
1796,59,28,34,16516
1797,26,48,74,16527
1798,84,20,36883713,16535
1799,25,48,3,16538
1800,94,14,1,16541
1801,97,48,40,16545
1802,65,94,11,16579
1803,69,6,56,16593
1804,67,91,518,16598
1805,83,61,819276,16605
1806,92,65,851,16614
1807,74,4,97714,16616
1808,42,58,72,16628
1809,70,38,5,16628
1810,89,77,73037,16647
1811,96,63,549,16651
1812,28,4,86,16658
1813,86,14,83490,16679
1814,99,28,3,16681
1815,36,85,993628,16683
1816,89,6,614044,16684
1817,32,58,48897454,16698
1818,15,59,63,16698
1819,69,32,805,16702
1820,95,42,80254,16709
1821,60,21,58196,16720
1822,21,5,7238,16730
1823,6,18,59,16750
1824,59,78,520,16760
1825,38,55,56,16783
1826,48,24,10429337,16783
1827,4,19,64132,16789
1828,66,26,8,16799
1829,20,21,9,16802
1830,93,32,351,16825
1831,36,15,258,16867
1832,87,57,245,16869
1833,28,93,30949976271,16881
1834,73,43,39642,16886
1835,54,46,309,16921
1836,84,20,53,16922
1837,57,16,765,16928
1838,38,5,5878315726,16933
1839,96,8,5593,16946
1840,93,96,7903059828,16948
1841,87,38,8,16950
1842,0,57,362,16966
1843,94,51,46,16968
1844,55,20,563029,16968
1845,59,70,1645355965,16969
1846,96,35,23,16982
1847,47,26,768161003,16988
1848,47,68,1,16988
1849,99,89,799,16998
1850,57,18,1,17019
1851,22,98,86291,17044
1852,9,77,6,17052
1853,96,43,509,17061
1854,51,11,60,17067
1855,70,91,515,17077
1856,64,6,816,17089
1857,81,88,58,17115
1858,27,70,95,17117
1859,55,2,1,17141
1860,44,38,542,17165
1861,65,47,612,17179
1862,99,32,91,17193
1863,2,80,37,17194
1864,91,66,42,17197
1865,41,25,423,17201
1866,8,56,77,17205
1867,15,41,2,17207
1868,44,47,46,17235
1869,30,52,88,17238
1870,72,99,9,17242
1871,30,56,6,17244
1872,42,71,2,17259
1873,25,14,662,17292
1874,78,89,5369799954,17293
1875,95,50,1,17299
1876,68,25,7,17311
1877,31,78,241448,17316
1878,20,70,0,17329
1879,62,94,50,17330
1880,50,39,433,17332
1881,26,46,2,17332
1882,39,19,446,17353
1883,97,32,8,17354
1884,80,78,699,17357
1885,48,13,23,17357
1886,66,36,51767,17365
1887,14,50,7439,17391
1888,24,19,309,17391
1889,3,75,383,17397
1890,46,27,352,17398
1891,30,56,4,17412
1892,76,52,1,17423
1893,12,18,115,17424
1894,17,87,30172891,17428
1895,10,5,93216000,17437
1896,27,82,9,17466
1897,3,1,7220,17471
1898,63,93,2,17480
1899,40,2,33,17562
1900,9,4,8,17563
1901,88,84,87,17572
1902,74,35,8,17584
1903,44,46,706,17588
1904,43,79,67,17591
1905,18,45,21,17593
1906,49,60,653,17595
1907,37,58,9,17597
1908,12,79,246,17606
1909,95,77,409501,17612
1910,43,11,371,17626
1911,5,54,96861826651,17637
1912,7,35,3058,17662
1913,66,71,202651453,17662
1914,81,88,7982,17668
1915,92,9,635,17695
1916,84,83,6,17713
1917,59,79,4,17714
1918,46,6,5,17730
1919,72,46,0,17739
1920,77,76,93487,17739
1921,40,33,44621,17773
1922,55,30,6143093346,17778
1923,62,63,6157,17783
1924,90,68,2,17784
1925,72,57,5641,17788
1926,46,14,115,17799
1927,76,68,54284328,17802
1928,24,77,575,17809
1929,49,51,3088959017,17809
1930,32,11,14,17811
1931,82,50,1,17831
1932,97,34,5,17844
1933,85,87,44487,17851
1934,60,47,4,17862
1935,54,93,83,17882
1936,69,82,0,17882
1937,9,72,85980,17884
1938,89,91,2,17891
1939,49,92,1,17892
1940,36,77,13,17895
1941,92,11,3360555,17901
1942,32,11,78342,17903
1943,57,77,4,17918
1944,15,13,634,17925
1945,48,31,57052819,17933
1946,4,66,193,17946
1947,64,85,5,17947
1948,32,41,67752860230,17949
1949,43,8,3,17955
1950,95,38,980,17967
1951,56,93,846,17969
1952,29,44,8142482,17989
1953,22,80,13,18000
1954,64,99,22,18005
1955,30,96,80,18027
1956,58,38,82452,18030
1957,3,8,7,18030
1958,58,95,85,18055
1959,6,43,31,18076
1960,37,84,504,18078
1961,54,99,317,18098
1962,61,15,9,18103
1963,67,82,7,18107
1964,70,54,61,18109
1965,84,94,3289,18114
1966,90,62,7891,18126
1967,16,41,65682,18128
1968,71,79,66711,18152
1969,55,12,428907,18157
1970,7,50,6,18161
1971,62,69,706,18176
1972,35,75,866,18193
1973,68,50,544,18193
1974,27,26,8,18251
1975,16,51,1,18257
1976,64,44,25820310,18263
1977,81,79,694,18268
1978,25,64,96,18285
1979,11,38,9,18291
1980,95,42,7061,18293
1981,82,73,196,18295
1982,5,15,8799,18302
1983,36,98,3,18308
1984,97,20,418,18329
1985,16,38,855,18346
1986,13,86,246,18385
1987,81,52,9,18385
1988,13,18,18045,18391
1989,17,2,166,18411
1990,52,1,21445,18416
1991,76,98,91,18424
1992,61,25,45,18431
1993,98,32,42,18431
1994,4,33,6,18437
1995,33,51,201,18446
1996,42,25,424,18461
1997,16,23,27,18461
1998,78,85,2,18466
1999,78,7,761161456,18496
2000,80,48,5,18507
2001,75,88,364,18511
2002,37,63,5,18512
2003,62,77,629,18518
2004,15,13,593,18546
2005,67,60,5,18552
2006,30,7,6911136,18554
2007,4,11,9,18569
2008,6,5,9,18580
2009,73,67,774,18580
2010,92,40,4,18583
2011,17,61,869,18589
2012,62,75,9,18594
2013,2,79,1,18599
2014,54,8,154,18603
2015,75,3,78,18630
2016,68,91,153881,18633
2017,29,90,3050600,18635
2018,31,68,538,18636
2019,86,45,7,18646
2020,75,6,65326311,18682
2021,93,44,75483,18683
2022,1,96,66436,18684
2023,27,11,34098,18692
2024,70,60,7630842,18693
2025,12,21,94,18711
2026,22,88,390,18712
2027,58,21,4115,18741
2028,26,44,685,18754
2029,12,49,1,18756
2030,56,3,3,18777
2031,87,52,5,18778
2032,18,39,3,18798
2033,73,31,11,18799
2034,85,79,268276310,18802
2035,25,56,8,18804
2036,73,24,724,18819
2037,82,5,4,18844
2038,43,86,858,18850
2039,96,52,81,18887
2040,54,18,200622580,18893
2041,81,30,24,18906
2042,47,66,3,18925
2043,68,70,8990,18938
2044,75,51,5,18958
2045,91,83,374942352,18958
2046,72,39,136,18974
2047,96,90,948,18981
2048,67,55,7,18998
2049,86,20,433,19001
2050,77,69,2742,19004
2051,25,64,47,19005
2052,6,73,234,19015
2053,29,58,46,19026
2054,35,3,40693,19038
2055,45,34,5,19040
2056,12,69,87,19042
2057,16,22,62,19050
2058,43,93,54,19051
2059,12,66,632,19068
2060,9,21,88916201773,19115
2061,4,38,31,19115
2062,52,63,421344686,19133
2063,92,64,141,19140
2064,29,27,86,19143
2065,21,0,550,19152
2066,81,40,449,19156
2067,57,49,4,19165
2068,73,86,11,19168
2069,80,50,0,19176
2070,7,0,782,19215
2071,76,46,1745093,19222
2072,26,35,32,19239
2073,30,72,5,19253
2074,86,77,76360,19255
2075,35,51,811,19292
2076,49,83,1067,19301
2077,85,84,69,19323
2078,63,24,14,19325
2079,14,70,5,19330
2080,23,14,99,19349
2081,6,52,64,19358
2082,69,96,6305332866,19360
2083,53,20,6,19360
2084,37,29,0,19365
2085,77,20,52854512073,19369
2086,54,81,59427,19379
2087,52,58,42127463012,19380
2088,21,33,602,19382
2089,89,91,33885725,19394
2090,21,19,915,19420
2091,30,12,30,19433
2092,65,82,8,19437
2093,51,98,0,19438
2094,80,67,5834,19454
2095,26,38,6521090,19454
2096,28,12,400,19463
2097,21,79,883,19474
2098,28,3,4294,19477
2099,26,73,14,19494
2100,55,7,477,19504
2101,93,32,826,19531
2102,50,63,1,19551
2103,69,2,1901500790,19557
2104,83,97,27795,19561
2105,81,86,62517,19572
2106,4,14,6,19577
2107,35,7,662,19582
2108,68,30,54153293,19584
2109,84,88,84334574,19597
2110,87,98,3,19603
2111,94,1,9,19616
2112,18,5,88,19617
2113,71,32,7,19621
2114,29,8,4,19628
2115,58,98,3074673,19635
2116,64,21,402,19655
2117,57,40,57,19670
2118,71,0,9,19675
2119,34,24,0,19680
2120,10,90,2,19688
2121,9,44,60,19701
2122,11,5,36,19723
2123,29,94,8120,19728
2124,16,25,4,19736
2125,39,37,16,19743
2126,50,33,28670,19756
2127,43,88,445855,19763
2128,28,64,287,19764
2129,50,6,6,19779
2130,56,94,3,19804
2131,15,51,97,19828
2132,22,76,0,19842
2133,46,84,412,19843
2134,11,75,708,19891
2135,3,61,6,19898
2136,33,65,51208,19916
2137,16,84,9,19920
2138,68,14,91695022908,19924
2139,85,97,0,19927
2140,41,46,3465,19929
2141,1,51,680948645,19929
2142,16,30,6,19930
2143,92,71,55,19947
2144,89,29,3133,19951
2145,72,25,525,19963
2146,68,15,65,19967
2147,13,48,3,19978
2148,30,7,81343,20004
2149,48,10,37,20023
2150,56,0,829105596,20023
2151,86,17,9,20075
2152,51,35,4,20078
2153,13,94,65,20086
2154,50,29,1,20088
2155,64,65,3839973635,20089
2156,8,52,1,20092
2157,41,2,556,20101
2158,95,99,74156,20102
2159,97,96,71,20106
2160,95,87,719,20127
2161,6,4,128620,20158
2162,92,26,7953531106,20163
2163,54,30,304,20168
2164,4,71,467,20173
2165,12,63,2,20186
2166,12,49,94,20188
2167,81,14,29,20207
2168,64,90,642,20211
2169,66,84,35,20229
2170,49,91,8,20239
2171,40,28,3,20239
2172,52,37,223244,20258
2173,45,46,1915,20262
2174,77,52,743,20277
2175,30,11,552,20280
2176,61,52,915,20290
2177,21,55,864,20297
2178,98,92,3238,20309
2179,82,44,65037,20317
2180,70,34,29,20329
2181,32,72,455,20329
2182,97,61,143,20341
2183,75,59,17774054,20344
2184,73,25,344,20351
2185,86,0,469,20352
2186,50,70,227,20352
2187,61,9,74,20380
2188,16,59,1,20384
2189,79,61,920,20387
2190,56,24,40487811341,20393
2191,67,3,7,20429
2192,41,45,0,20435
2193,75,44,294,20439
2194,5,13,2,20439
2195,64,48,171,20440
2196,37,86,9,20443
2197,94,14,6,20445
2198,23,7,458992,20451
2199,54,14,186,20453
2200,34,78,0,20457
2201,39,66,64,20463
2202,43,59,821,20482
2203,19,66,4,20496
2204,44,32,90,20501
2205,29,79,8623996,20502
2206,3,26,769,20510
2207,42,85,3,20522
2208,56,87,10,20536
2209,44,63,24150442,20544
2210,33,34,11,20545
2211,3,47,322,20563
2212,63,91,37,20568
2213,89,3,68584,20571
2214,46,64,65330688,20589
2215,75,24,843,20598
2216,14,46,31747224484,20603
2217,19,71,29,20607
2218,39,76,9,20611
2219,81,41,3,20611
2220,31,88,614,20612
2221,42,55,62,20618
2222,58,20,3,20621
2223,73,77,8799519,20633
2224,10,62,804,20648
2225,91,35,142,20659
2226,54,41,15,20664
2227,92,55,7,20678
2228,87,67,90,20679
2229,99,40,991716122,20680
2230,92,34,182,20692
2231,16,3,27,20701
2232,67,32,47906,20703
2233,40,48,347,20730
2234,73,0,752372,20769
2235,77,86,215,20769
2236,16,28,3271,20772
2237,69,7,4,20774
2238,96,61,3767,20785
2239,36,41,12,20804
2240,74,38,7410,20810
2241,23,48,5,20815
2242,15,58,47,20820
2243,47,88,8,20820
2244,2,63,2,20836
2245,94,86,639,20842
2246,43,66,853480,20845
2247,39,49,33,20852
2248,79,24,26,20870
2249,54,68,3,20881
2250,8,65,252,20881
2251,59,0,41464,20882
2252,0,37,693,20888
2253,46,76,77,20904
2254,14,38,1408,20924
2255,80,17,88,20931
2256,6,20,4,20944
2257,10,38,588,20955
2258,79,30,5,20966
2259,54,74,449,20970
2260,9,96,9790,20975
2261,68,14,21292,20980
2262,25,12,4,20988
2263,29,41,652,20992
2264,57,59,71027816,20997
2265,69,28,3,21004
2266,33,93,1886,21005
2267,38,25,593,21017
2268,8,81,41,21035
2269,18,89,0,21045
2270,56,53,2,21054
2271,34,61,5584970,21078
2272,55,12,8,21078
2273,56,22,4,21081
2274,90,12,788,21082
2275,16,41,84,21088
2276,65,12,56,21093
2277,14,45,5,21108
2278,63,51,79,21111
2279,26,10,931,21120
2280,42,66,32,21130
2281,57,70,34,21138
2282,3,52,804,21154
2283,84,2,942,21215
2284,94,3,2,21216
2285,27,60,917,21237
2286,6,47,25,21237
2287,49,86,58,21257
2288,31,45,34162,21268
2289,93,10,63,21270
2290,71,99,27,21276
2291,4,36,7374,21287
2292,79,92,29454,21290
2293,26,22,0,21301
2294,79,98,9,21316
2295,73,70,51301759,21319
2296,18,5,27,21323
2297,54,96,3111,21323
2298,56,67,0,21373
2299,76,59,91,21373
2300,31,70,7327,21384
2301,64,28,905,21393
2302,55,67,89169124,21404
2303,15,37,21416174,21407
2304,18,93,854293670,21411
2305,39,51,507,21429
2306,73,94,3,21431
2307,71,77,1605,21460
2308,88,82,2,21462
2309,10,8,9,21472
2310,36,57,743712174,21484
2311,29,27,704,21486
2312,70,32,6,21504
2313,2,43,152,21513
2314,32,12,8,21519
2315,92,8,259,21522
2316,87,30,662,21531
2317,55,90,799,21537
2318,39,89,33,21540
2319,39,92,25528,21540
2320,17,2,250,21549
2321,39,46,855,21553
2322,90,37,67818,21579
2323,85,87,6970,21581
2324,14,86,3,21599
2325,70,1,8,21603
2326,96,40,630,21623
2327,67,44,5,21623
2328,64,25,8694368,21635
2329,18,30,985,21640
2330,9,46,711,21646
2331,41,49,7,21658
2332,24,42,913,21666
2333,6,86,33,21666
2334,15,90,48,21700
2335,75,93,56,21704
2336,11,74,29,21711
2337,0,26,39,21718
2338,48,0,483,21752
2339,31,32,100803392,21765
2340,19,38,85,21771
2341,74,43,4,21772
2342,4,84,558,21774
2343,61,37,44,21784
2344,10,3,22,21785
2345,30,43,282,21787
2346,0,54,18,21805
2347,24,58,1429,21808
2348,77,2,359,21828
2349,97,45,7707,21836
2350,76,64,7,21847
2351,44,77,5512,21849
2352,89,45,33,21874
2353,89,72,37710,21875
2354,61,16,27,21881
2355,27,91,3255,21887
2356,46,85,56182,21911
2357,77,96,81556427618,21934
2358,71,47,56,21944
2359,46,47,7766,21974
2360,16,55,29,22034
2361,69,87,3,22043
2362,7,75,292,22097
2363,64,40,81,22097
2364,13,25,11,22101
2365,81,67,616,22106
2366,49,16,624,22106
2367,31,8,70422,22108
2368,97,76,607,22120
2369,71,97,2,22134
2370,93,45,520,22141
2371,68,85,79,22142
2372,83,34,59,22149
2373,81,66,620,22165
2374,64,12,99314,22180
2375,91,58,16250,22215
2376,70,51,2495554,22219
2377,8,19,2,22221
2378,34,22,275,22250
2379,59,62,2,22253
2380,24,50,13143,22256
2381,3,49,9417571,22270
2382,16,33,98,22275
2383,0,57,970226,22309
2384,51,16,6306126,22313
2385,38,54,200,22320
2386,23,65,32497048,22322
2387,72,8,273,22328
2388,10,7,673074407,22341
2389,53,16,273074,22343
2390,29,13,891,22348
2391,14,17,46,22348
2392,94,49,420,22348
2393,28,74,5383896,22358
2394,73,3,1876,22358
2395,33,71,97429,22366
2396,88,29,6024242,22366
2397,55,9,945,22380
2398,82,29,63,22382
2399,33,40,80,22384
2400,18,13,21,22385
2401,73,92,327,22388
2402,47,21,380,22401
2403,89,3,5,22408
2404,83,64,1,22424
2405,41,87,4,22432
2406,63,20,0,22453
2407,99,17,37,22456
2408,57,26,8,22477
2409,41,23,955,22480
2410,75,45,6,22515
2411,14,73,69,22520
2412,98,6,90,22559
2413,70,94,540,22559
2414,68,67,38,22564
2415,54,94,910,22570
2416,75,90,997162892,22581
2417,87,55,30,22583
2418,63,46,32,22584
2419,53,26,85,22592
2420,66,4,21,22592
2421,96,67,59189054,22596
2422,40,11,27,22618
2423,38,33,736,22622
2424,51,90,41199125349,22637
2425,43,27,8,22645
2426,49,86,6,22654
2427,21,22,98371,22657
2428,67,19,51188,22659
2429,68,30,6133500,22668
2430,21,3,90,22674
2431,9,66,9,22711
2432,38,24,5280,22724
2433,34,14,769,22724
2434,32,79,68148,22751
2435,13,33,730101,22753
2436,5,10,3628,22753
2437,95,91,4,22764
2438,37,45,30,22764
2439,42,99,636,22782
2440,84,72,337,22792
2441,47,88,0,22793
2442,15,56,445,22796
2443,67,39,78,22810
2444,45,4,294,22824
2445,31,44,1,22826
2446,38,92,5449,22828
2447,84,5,209,22837
2448,75,14,5,22837
2449,80,41,63518552,22844
2450,59,91,424,22860
2451,32,87,1740,22868
2452,3,33,8,22903
2453,45,23,28322447,22931
2454,89,0,202,22948
2455,10,19,86,22949
2456,16,95,89178956,22987
2457,0,9,381617,22987
2458,83,99,85,22993
2459,17,9,6,23010
2460,7,88,952,23024
2461,98,32,9,23030
2462,28,70,87,23032
2463,22,68,1,23057
2464,89,75,61,23058
2465,25,23,69,23088
2466,83,64,2118339,23090
2467,48,4,2,23101
2468,16,55,99834929,23103
2469,41,36,152178,23132
2470,39,52,31,23190
2471,32,12,34,23190
2472,68,61,54,23198
2473,50,67,231246161,23212
2474,77,66,497,23230
2475,77,32,6,23231
2476,50,80,3640222,23258
2477,30,72,92,23265
2478,54,77,8,23271
2479,75,72,9,23281
2480,35,72,2,23283
2481,14,33,761874443,23299
2482,74,61,458,23304
2483,91,58,7,23318
2484,33,49,95,23323
2485,39,77,6,23342
2486,84,3,9281,23343
2487,14,3,6,23362
2488,40,75,3662,23362
2489,43,92,7,23368
2490,38,68,7510591,23376
2491,55,18,10,23386
2492,83,92,12,23394
2493,70,83,8,23395
2494,9,98,22642,23409
2495,86,21,946537,23413
2496,72,22,0,23431
2497,81,59,439,23444
2498,50,58,6,23456
2499,9,80,967,23462
2500,54,45,81218,23465
2501,25,91,62104,23471
2502,35,69,7,23481
2503,52,8,49,23486
2504,18,95,114,23515
2505,20,91,869,23517
2506,85,34,868338748,23564
2507,50,47,12,23576
2508,86,77,5,23587
2509,50,97,21,23609
2510,78,35,1,23613
2511,54,47,701,23635
2512,46,51,491,23635
2513,77,20,194,23655
2514,94,95,3,23665
2515,36,21,4570,23678
2516,24,59,3326,23681
2517,30,56,9,23685
2518,76,8,8624,23688
2519,47,89,557059,23706
2520,92,57,891,23724
2521,65,60,0,23725
2522,45,7,47,23725
2523,19,97,6,23736
2524,16,97,707,23740
2525,5,61,9,23741
2526,88,60,95,23741
2527,25,47,21,23744
2528,95,10,3,23744
2529,34,69,71,23752
2530,96,72,94153,23758
2531,54,65,86,23764
2532,48,66,768,23767
2533,34,7,8,23789
2534,40,59,8,23792
2535,63,79,972688,23824
2536,14,26,682,23824
2537,81,69,8,23832
2538,67,32,7,23849
2539,42,91,2361,23857
2540,89,55,3,23872
2541,29,1,96,23896
2542,28,99,30736,23907
2543,74,53,617896,23910
2544,78,19,686119,23920
2545,95,82,913,23922
2546,19,67,49,23922
2547,2,38,81,23936
2548,42,8,7,23953
2549,73,20,251,23980
2550,93,27,67316301469,23999
2551,27,70,22,24009
2552,75,79,464,24016
2553,28,27,378,24032
2554,30,54,6515,24040
2555,34,57,644827,24044
2556,78,22,60566909587,24049
2557,18,66,382,24055
2558,44,90,8,24057
2559,9,94,8,24057
2560,10,68,459,24082
2561,78,53,2509,24101
2562,10,18,5,24105
2563,94,80,2,24122
2564,15,49,8901859,24130
2565,44,18,847501,24143
2566,94,5,85,24167
2567,32,93,51,24188
2568,30,1,1834622,24200
2569,84,12,91,24213
2570,71,56,99702,24216
2571,1,76,45821582712,24216
2572,49,6,829,24219
2573,86,51,590,24229
2574,25,9,3,24237
2575,45,18,23,24237
2576,44,4,48,24242
2577,47,57,4378,24263
2578,9,57,71,24265
2579,12,16,53,24265
2580,96,21,19,24265
2581,51,3,8,24272
2582,24,30,406,24289
2583,97,37,465,24291
2584,75,7,680,24307
2585,65,75,69,24325
2586,6,53,795041772,24330
2587,87,43,74,24355
2588,16,39,3946792,24359
2589,84,44,546,24378
2590,4,61,81,24393
2591,74,87,20,24396
2592,48,30,678,24398
2593,66,44,5,24408
2594,82,96,2506,24412
2595,61,88,6,24431
2596,91,5,89,24432
2597,80,40,33,24439
2598,16,71,379,24445
2599,69,35,849413,24470
2600,67,61,55782,24479
2601,91,43,9,24499
2602,94,63,63,24504
2603,27,6,103924,24512
2604,86,10,5341,24522
2605,74,26,6652637,24523
2606,30,14,700,24529
2607,78,48,7199,24530
2608,93,26,1,24543
2609,52,97,73,24549
2610,66,93,712,24550
2611,81,94,500,24559
2612,95,27,799,24606
2613,48,5,6,24620
2614,54,3,36,24623
2615,83,94,8,24625
2616,85,15,82,24629
2617,53,58,10766,24650
2618,73,32,947,24652
2619,71,36,1,24652
2620,48,11,474099290,24658
2621,4,10,59075,24664
2622,37,19,673,24681
2623,96,90,938,24699
2624,82,19,67381861,24744
2625,51,95,54,24757
2626,71,14,8,24778
2627,43,21,345,24794
2628,47,12,345,24794
2629,54,87,619,24820
2630,51,35,2067,24821
2631,83,10,5,24822
2632,57,47,3,24830
2633,95,15,17057,24840
2634,48,2,4003545783,24860
2635,65,58,13,24860
2636,55,33,8,24874
2637,11,45,40,24880
2638,81,21,30,24890
2639,7,80,39490,24893
2640,12,64,57,24895
2641,81,33,160,24912
2642,65,94,12,24928
2643,98,10,66014,24933
2644,11,2,1,24936
2645,47,6,421,24951
2646,37,77,5,24959
2647,57,10,891,24960
2648,29,97,9734560782,24990
2649,54,86,84,24999
2650,36,38,671,25028
2651,58,90,949533,25030
2652,80,92,368,25033
2653,75,88,13,25047
2654,52,25,460,25052
2655,79,32,264,25057
2656,13,86,94,25075
2657,41,32,12,25084
2658,29,64,45,25084
2659,13,25,17955052782,25098
2660,23,17,44,25103
2661,86,98,979,25113
2662,8,24,226,25113
2663,28,72,8312383301,25121
2664,24,72,56043252,25123
2665,42,30,75284,25127
2666,33,43,4,25127
2667,94,65,762,25127
2668,84,69,34086464,25141
2669,18,69,5,25145
2670,97,42,92,25147
2671,65,91,4,25163
2672,53,4,3,25169
2673,12,48,347,25169
2674,84,28,349,25173
2675,75,72,31,25180
2676,4,12,60548499,25182
2677,27,79,368,25209
2678,98,3,621,25217
2679,13,50,5329344,25223
2680,17,73,4,25223
2681,34,21,666,25224
2682,95,35,77,25238
2683,11,99,95109,25241
2684,12,35,908788,25243
2685,99,43,5,25250
2686,92,58,491,25259
2687,83,68,203,25270
2688,35,70,37,25270
2689,94,7,82571,25270
2690,92,8,2,25284
2691,77,86,952,25330
2692,69,87,59,25338
2693,32,70,110492,25383
2694,18,85,5457,25388
2695,86,37,524,25401
2696,0,24,6321,25424
2697,83,46,619,25463
2698,88,38,23,25464
2699,15,76,939,25466
2700,14,97,248,25489
2701,7,52,237,25489
2702,81,41,3180,25496
2703,18,3,782046355,25545
2704,77,89,79570960556,25545
2705,90,47,965,25550
2706,81,65,33,25556
2707,19,73,483,25558
2708,82,70,7444,25563
2709,20,86,232,25567
2710,70,22,408,25568
2711,91,79,50,25568
2712,23,91,550,25576
2713,27,70,8,25604
2714,55,22,99,25612
2715,84,91,3,25613
2716,80,2,5270833,25627
2717,50,86,89,25631
2718,13,55,571,25638
2719,23,70,713,25656
2720,16,44,4,25658
2721,27,54,368,25687
2722,62,17,742,25698
2723,26,37,182,25698
2724,3,28,72,25699
2725,20,99,65,25699
2726,19,78,6,25699
2727,30,19,95,25705
2728,96,69,329,25709
2729,97,74,60,25722
2730,13,55,883,25723
2731,45,91,237,25736
2732,43,70,73575,25758
2733,62,69,34,25762
2734,89,87,1,25765
2735,85,68,8711,25767
2736,8,66,3,25794
2737,44,60,34,25800
2738,26,79,48,25810
2739,28,71,4,25825
2740,3,38,15,25841
2741,73,49,2,25855
2742,56,53,679,25858
2743,3,52,212040,25877
2744,65,17,0,25888
2745,13,78,0,25916
2746,92,51,90325358,25920
2747,20,96,699,25930
2748,22,65,8,25942
2749,14,86,836,25944
2750,90,13,509,25954
2751,58,40,71,25962
2752,52,47,3,25968
2753,91,64,795,25969
2754,55,69,75,25987
2755,59,72,8,25996
2756,54,94,38,25997
2757,86,10,906,26010
2758,41,14,5678,26032
2759,15,95,754821356,26035
2760,57,41,0,26049
2761,62,92,82,26049
2762,54,95,65588652039,26091
2763,53,40,91,26095
2764,17,68,46180,26102
2765,22,92,33,26113
2766,34,51,3,26133
2767,1,76,786,26134
2768,29,32,6272,26146
2769,9,25,83823,26152
2770,77,31,229,26159
2771,63,53,29,26170
2772,11,78,163,26177
2773,72,90,853,26181
2774,84,57,327069,26187
2775,43,86,6,26193
2776,66,50,990877,26232
2777,3,88,8,26251
2778,64,33,729445,26253
2779,62,6,35,26268
2780,28,87,9,26269
2781,71,84,7,26271
2782,65,35,6751,26276
2783,28,80,0,26280
2784,23,79,28,26297
2785,30,90,469,26315
2786,98,24,81,26328
2787,93,41,28937,26328
2788,73,45,44954,26332
2789,33,55,3,26333
2790,51,81,99,26345
2791,62,81,58633011602,26376
2792,14,76,0,26394
2793,37,67,16,26399
2794,57,66,70386,26418
2795,88,14,675,26418
2796,47,38,340,26436
2797,93,32,15,26459
2798,23,29,6,26479
2799,8,25,6753,26498
2800,60,86,1,26514
2801,2,47,679,26514
2802,28,83,742,26538
2803,65,11,630,26541
2804,54,91,3,26543
2805,49,95,889,26568
2806,34,77,45488,26577
2807,21,14,2469,26580
2808,0,57,305,26591
2809,31,37,1,26595
2810,24,82,3878986,26602
2811,79,30,869,26605
2812,96,72,3279344,26606
2813,90,91,57254,26608
2814,27,47,2313,26611
2815,44,5,9777,26629
2816,38,26,47168,26643
2817,69,99,5,26652
2818,2,43,9892,26664
2819,8,62,4,26683
2820,49,14,345,26686
2821,9,25,7583431,26696
2822,32,38,452,26705
2823,38,10,79,26706
2824,30,20,24,26708
2825,8,20,97,26715
2826,3,75,4,26718
2827,24,29,505,26725
2828,70,39,838017,26732
2829,95,29,272,26772
2830,9,51,811,26782
2831,70,46,702,26791
2832,51,94,2,26799
2833,13,37,9534439,26799
2834,96,24,921,26808
2835,21,23,93,26813
2836,94,81,19205,26813
2837,67,23,33,26815
2838,20,85,39940,26831
2839,36,45,55,26836
2840,13,20,6,26840
2841,75,20,326,26845
2842,21,66,4,26850
2843,36,12,3,26860
2844,62,89,55016,26870
2845,21,13,82,26890
2846,61,8,1449739881,26895
2847,3,92,66614,26903
2848,65,64,340225,26904
2849,45,7,66,26913
2850,30,69,16,26922
2851,39,97,8,26935
2852,99,57,941,26938
2853,87,26,8,26941
2854,38,39,68,26947
2855,59,52,576,26953
2856,75,86,45611,26953
2857,8,90,54646807,26983
2858,50,34,45298,26990
2859,68,17,531,26991
2860,23,56,897,26997
2861,64,6,797,27001
2862,54,86,0,27011
2863,88,26,5,27029
2864,67,21,930,27032
2865,97,77,520,27073
2866,81,33,254721,27081
2867,4,52,469856098,27082
2868,54,80,404,27097
2869,31,24,3559,27097
2870,43,49,36,27100
2871,72,63,4426,27111
2872,49,41,663,27122
2873,27,45,662,27167
2874,47,5,317,27168
2875,91,8,47754,27177
2876,51,80,213,27185
2877,61,34,6,27189
2878,35,21,723,27195
2879,47,96,449,27204
2880,13,3,70275,27208
2881,85,90,19,27213
2882,60,27,6,27213
2883,74,20,362,27222
2884,34,26,14,27235
2885,95,39,97488,27251
2886,55,49,8366,27256
2887,44,12,92,27256
2888,68,36,27,27269
2889,91,68,71,27275
2890,72,71,2435,27296
2891,18,33,64,27299
2892,21,70,6,27310
2893,30,72,9309,27337
2894,18,99,9,27337
2895,79,63,669,27337
2896,89,22,1,27362
2897,31,92,5,27365
2898,38,44,1,27368
2899,51,19,38885492295,27368
2900,42,4,3,27368
2901,39,86,53,27381
2902,18,97,1,27381
2903,98,48,244,27387
2904,95,76,805,27403
2905,33,97,72,27403
2906,65,96,863,27408
2907,7,5,1,27425
2908,56,60,388,27435
2909,77,25,7670,27445
2910,43,45,30,27445
2911,15,60,6331085213,27461
2912,2,54,41,27463
2913,96,19,7,27468
2914,45,17,6,27483
2915,68,81,875,27532
2916,51,95,491,27547
2917,50,21,279,27556
2918,3,31,6,27592
2919,19,74,80,27597
2920,67,50,84657678,27598
2921,29,10,5,27602
2922,40,56,85,27604
2923,87,82,9,27614
2924,55,40,14,27617
2925,61,5,91587498,27617
2926,63,55,28,27618
2927,70,67,4,27632
2928,19,18,58,27637
2929,50,40,45583990984,27637
2930,35,51,56,27640
2931,42,19,398,27644
2932,2,48,64522,27656
2933,26,5,716,27663
2934,95,53,98066013,27663
2935,8,12,163,27670
2936,51,1,279,27680
2937,63,38,6,27710
2938,28,82,6,27741
2939,15,47,68,27749
2940,19,78,14,27752
2941,99,85,546,27757
2942,43,12,546,27768
2943,2,68,9,27797
2944,54,32,15,27797
2945,93,3,9807196,27833
2946,53,48,40,27833
2947,33,6,203943,27839
2948,88,75,75564523,27839
2949,77,33,781,27864
2950,61,92,44469,27895
2951,50,42,867,27934
2952,70,75,6387751193,27936
2953,23,36,199766,27940
2954,95,83,437,27947
2955,26,98,67875968571,27952
2956,6,95,4,27954
2957,65,86,163,27961
2958,49,98,8501,27966
2959,32,76,62,27981
2960,85,58,4,27983
2961,7,91,975,28005
2962,97,12,305,28007
2963,72,20,60736512,28022
2964,51,27,74,28022
2965,21,12,208,28023
2966,76,51,33773,28036
2967,65,83,89221530361,28037
2968,7,18,323,28045
2969,63,83,37584,28071
2970,39,87,66761,28071
2971,43,75,9,28081
2972,12,83,782,28087
2973,14,21,96787,28096
2974,95,55,10112210689,28100
2975,6,1,761,28123
2976,5,97,4,28131
2977,83,66,52,28140
2978,46,27,82,28143
2979,77,20,25327095808,28167
2980,43,79,3,28169
2981,42,29,1,28176
2982,3,16,550,28187
2983,0,57,8,28200
2984,78,40,45,28200
2985,30,68,845,28200
2986,43,30,2239437,28200
2987,15,74,884379,28216
2988,25,54,13,28222
2989,95,30,227,28231
2990,57,1,1,28234
2991,66,78,65,28235
2992,41,45,70,28236
2993,36,92,5600206539,28256
2994,97,42,127,28258
2995,96,19,932,28261
2996,91,2,731,28261
2997,58,68,76474,28264
2998,66,7,92,28264
2999,53,31,555103437,28268
